
/*!40101 SET @OLD_CHARACTER_SET_CLIENT=@@CHARACTER_SET_CLIENT */;
/*!40101 SET @OLD_CHARACTER_SET_RESULTS=@@CHARACTER_SET_RESULTS */;
/*!40101 SET @OLD_COLLATION_CONNECTION=@@COLLATION_CONNECTION */;
/*!40101 SET NAMES utf8 */;
/*!40103 SET @OLD_TIME_ZONE=@@TIME_ZONE */;
/*!40103 SET TIME_ZONE='+00:00' */;
/*!40014 SET @OLD_UNIQUE_CHECKS=@@UNIQUE_CHECKS, UNIQUE_CHECKS=0 */;
/*!40014 SET @OLD_FOREIGN_KEY_CHECKS=@@FOREIGN_KEY_CHECKS, FOREIGN_KEY_CHECKS=0 */;
/*!40101 SET @OLD_SQL_MODE=@@SQL_MODE, SQL_MODE='NO_AUTO_VALUE_ON_ZERO' */;
/*!40111 SET @OLD_SQL_NOTES=@@SQL_NOTES, SQL_NOTES=0 */;
DROP TABLE IF EXISTS `migrations`;
/*!40101 SET @saved_cs_client     = @@character_set_client */;
/*!40101 SET character_set_client = utf8 */;
CREATE TABLE `migrations` (
  `id` int(10) unsigned NOT NULL AUTO_INCREMENT,
  `migration` varchar(191) COLLATE utf8mb4_unicode_ci NOT NULL,
  `batch` int(11) NOT NULL,
  PRIMARY KEY (`id`)
) ENGINE=InnoDB AUTO_INCREMENT=13 DEFAULT CHARSET=utf8mb4 COLLATE=utf8mb4_unicode_ci;
/*!40101 SET character_set_client = @saved_cs_client */;

LOCK TABLES `migrations` WRITE;
/*!40000 ALTER TABLE `migrations` DISABLE KEYS */;
INSERT INTO `migrations` VALUES (1,'2014_10_12_000000_create_users_table',1),(2,'2014_10_12_100000_create_password_resets_table',1),(3,'2019_05_28_121359_create_morphology_type_table',1),(4,'2019_05_28_121442_create_morphology_table',1),(5,'2019_05_28_121520_create_subject_table',1),(6,'2019_05_28_121523_create_image_type_table',1),(7,'2019_05_28_121526_create_image_subject_table',1),(8,'2019_05_28_121550_create_project_table',1),(9,'2019_05_28_182903_create_peppe_table',1),(10,'2019_08_04_135815_add_type_to_morphology_table',2),(11,'2019_08_22_105103_set_default_value_to_path_image_profile_and_path_image_front',3),(12,'2019_08_22_145145_add_linked_to_to_morphopolgy',3);
/*!40000 ALTER TABLE `migrations` ENABLE KEYS */;
UNLOCK TABLES;
DROP TABLE IF EXISTS `morphology`;
/*!40101 SET @saved_cs_client     = @@character_set_client */;
/*!40101 SET character_set_client = utf8 */;
CREATE TABLE `morphology` (
  `id` int(10) unsigned NOT NULL AUTO_INCREMENT,
  `id_morphology_type` int(10) unsigned NOT NULL,
  `description` char(100) COLLATE utf8mb4_unicode_ci NOT NULL,
  `path` text COLLATE utf8mb4_unicode_ci NOT NULL,
  `type` char(2) COLLATE utf8mb4_unicode_ci NOT NULL,
  `linked_to` int(11) DEFAULT NULL,
  PRIMARY KEY (`id`),
  KEY `morphology_id_morphology_type_foreign` (`id_morphology_type`),
  CONSTRAINT `morphology_id_morphology_type_foreign` FOREIGN KEY (`id_morphology_type`) REFERENCES `morphology_type` (`id`)
) ENGINE=InnoDB AUTO_INCREMENT=151 DEFAULT CHARSET=utf8mb4 COLLATE=utf8mb4_unicode_ci;
/*!40101 SET character_set_client = @saved_cs_client */;

LOCK TABLES `morphology` WRITE;
/*!40000 ALTER TABLE `morphology` DISABLE KEYS */;
INSERT INTO `morphology` VALUES (1,2,'Occhio europeo Dx','images/shape/occhio_europeo_dx.png','cx',2),(2,2,'Occhio europeo Sx','images/shape/occhio_europeo_sx.png','cx',1),(3,2,'Occhio obliquo Dx','images/shape/occhio_obliquo_dx.png','cx',4),(4,2,'Occhio obliquo Sx','images/shape/occhio_obliquo_sx.png','cx',3),(5,2,'Briglia mongolica Dx','images/shape/briglia_mongolica_dx.png','cx',6),(6,2,'Briglia mongolica Sx','images/shape/briglia_mongolica_sx.png','cx',5),(7,2,'Briglia epicantica mondiale Dx','images/shape/briglia_epicantica_mondiale_dx.png','cx',8),(8,2,'Briglia epicantica mondiale Sx','images/shape/briglia_epicantica_mondiale_sx.png','cx',7),(9,2,'Occhio mongolico Dx','images/shape/occhio_mongolico_dx.png','cx',10),(10,2,'Occhio mongolico Sx','images/shape/occhio_mongolico_sx.png','cx',9),(11,2,'Plica della palpebra superiore Dx','images/shape/plica_della_palpebra_superiore_dx.png','cx',12),(12,2,'Plica della palpebra superiore Sx','images/shape/plica_della_palpebra_superiore_sx.png','cx',11),(13,3,'Labbra Frontale Piccole','images/shape/labbra_frontale_piccole.png','cx',NULL),(14,3,'Labbra Frontale Medie','images/shape/labbra_frontale_medie.png','cx',NULL),(15,3,'Labbra Frontale Grandi','images/shape/labbra_frontale_grandi.png','cx',NULL),(16,3,'Labbra Piccole Tipo 1 Dx','images/shape/labbra_profilo_piccole_1_dx.png','dx',NULL),(17,3,'Labbra Piccole Tipo 1 Sx','images/shape/labbra_profilo_piccole_1_sx.png','sx',NULL),(18,3,'Labbra Piccole Tipo 2 Dx','images/shape/labbra_profilo_piccole_2_dx.png','dx',NULL),(19,3,'Labbra Piccole Tipo 2 Sx','images/shape/labbra_profilo_piccole_2_sx.png','sx',NULL),(20,3,'Labbra Piccole Tipo 3 Dx','images/shape/labbra_profilo_piccole_3_dx.png','dx',NULL),(21,3,'Labbra Piccole Tipo 3 Sx','images/shape/labbra_profilo_piccole_3_sx.png','sx',NULL),(22,3,'Labbra Piccole Tipo 4 Dx','images/shape/labbra_profilo_piccole_4_dx.png','dx',NULL),(23,3,'Labbra Piccole Tipo 4 Sx','images/shape/labbra_profilo_piccole_4_sx.png','sx',NULL),(24,3,'Labbra Medie Tipo 1 Dx','images/shape/labbra_profilo_medie_1_dx.png','dx',NULL),(25,3,'Labbra Medie Tipo 1 Sx','images/shape/labbra_profilo_medie_1_sx.png','sx',NULL),(26,3,'Labbra Medie Tipo 2 Dx','images/shape/labbra_profilo_medie_2_dx.png','dx',NULL),(27,3,'Labbra Medie Tipo 2 Sx','images/shape/labbra_profilo_medie_2_sx.png','sx',NULL),(28,3,'Labbra Medie Tipo 3 Dx','images/shape/labbra_profilo_medie_3_dx.png','dx',NULL),(29,3,'Labbra Medie Tipo 3 Sx','images/shape/labbra_profilo_medie_3_sx.png','sx',NULL),(30,3,'Labbra Medie Tipo 4 Dx','images/shape/labbra_profilo_medie_4_dx.png','dx',NULL),(31,3,'Labbra Medie Tipo 4 Sx','images/shape/labbra_profilo_medie_4_sx.png','sx',NULL),(32,3,'Labbra Grandi Tipo 1 Dx','images/shape/labbra_profilo_grandi_1_dx.png','dx',NULL),(33,3,'Labbra Grandi Tipo 1 Sx','images/shape/labbra_profilo_grandi_1_sx.png','sx',NULL),(34,3,'Labbra Grandi Tipo 2 Dx','images/shape/labbra_profilo_grandi_2_dx.png','dx',NULL),(35,3,'Labbra Grandi Tipo 2 Sx','images/shape/labbra_profilo_grandi_2_sx.png','sx',NULL),(36,3,'Labbra Grandi Tipo 3 Dx','images/shape/labbra_profilo_grandi_3_dx.png','dx',NULL),(37,3,'Labbra Grandi Tipo 3 Sx','images/shape/labbra_profilo_grandi_3_sx.png','sx',NULL),(38,3,'Labbra Grandi Tipo 4 Dx','images/shape/labbra_profilo_grandi_4_dx.png','dx',NULL),(39,3,'Labbra Grandi Tipo 4 Sx','images/shape/labbra_profilo_grandi_4_sx.png','sx',NULL),(40,1,'Ellittica','images/shape/ellittica.png','cx',NULL),(41,1,'Ovale','images/shape/ovale.png','cx',NULL),(42,1,'Ovale Invertita','images/shape/ovale_invertita.png','cx',NULL),(43,1,'Rotonda','images/shape/rotonda.png','cx',NULL),(44,1,'Rettangolare','images/shape/rettangolare.png','cx',NULL),(45,1,'Quadrata','images/shape/quadrata.png','cx',NULL),(46,1,'Rombica','images/shape/rombica.png','cx',NULL),(47,1,'Trapezoidale','images/shape/trapezoidale.png','cx',NULL),(48,1,'Trapezoidale Invertita','images/shape/trapezoidale_invertita.png','cx',NULL),(49,1,'Pentagonoide','images/shape/pentagonoide.png','cx',NULL),(50,1,'Profilo carenato','images/shape/profilo_carenato.png','cx',NULL),(51,1,'Profilo dolcemente curvo','images/shape/profilo_dolcemente_curvo.png','cx',NULL),(52,1,'Profilo curvo Dx','images/shape/profilo_curvo_dx.png','dx',NULL),(53,1,'Profilo curvo Sx','images/shape/profilo_curvo_sx.png','sx',NULL),(54,1,'Profilo a linea spezzata Dx','images/shape/profilo_a_linea_spezzata_dx.png','dx',NULL),(55,1,'Profilo a linea spezzata Sx','images/shape/profilo_a_linea_spezzata_sx.png','sx',NULL),(56,1,'Profilo con occipitale appiattito Dx','images/shape/profilo_con_occipitale_appiattito_dx.png','dx',NULL),(57,1,'Profilo con occipitale appiattito Sx','images/shape/profilo_con_occipitale_appiattito_sx.png','sx',NULL),(58,1,'Profilo con occipite sporgente Dx','images/shape/profilo_con_occipite_sporgente_dx.png','dx',NULL),(59,1,'Profilo con occipite sporgente Sx','images/shape/profilo_con_occipite_sporgente_sx.png','sx',NULL),(60,1,'Profilo con vertice anteriore Dx','images/shape/profilo_con_vertice_anteriore_dx.png','dx',NULL),(61,1,'Profilo con vertice anteriore Sx','images/shape/profilo_con_vertice_anteriore_sx.png','sx',NULL),(62,1,'Profilo con vertice posteriore Dx','images/shape/profilo_con_vertice_posteriore_dx.png','dx',NULL),(63,1,'Profilo con vertice posteriore Sx','images/shape/profilo_con_vertice_posteriore_sx.png','sx',NULL),(64,1,'Profilo insellato Dx','images/shape/profilo_insellato_dx.png','dx',NULL),(65,1,'Profilo jnsellato Sx','images/shape/profilo_insellato_sx.png','sx',NULL),(66,5,'Attaccatura curvilinea (Soggetto privo di Trichion)','images/shape/attaccatura_curvilinea.png','cx',NULL),(67,5,'Attaccatura rettilinea(Soggetti privo di Trichion)','images/shape/attaccatura_rettilinea.png','cx',NULL),(68,5,'Attaccatura larga (Soggetto con Trichion)','images/shape/attaccatura_larga.png','cx',NULL),(69,5,'Attaccatura stretta (Soggetto con Trichion)','images/shape/attaccatura_stretta.png','cx',NULL),(70,4,'Piramide nasale - Tipo 1 Dx (Testut)','images/shape/piramide_nasale_testut_1_dx.png','dx',NULL),(71,4,'Piramide nasale - Tipo 1 Sx (Testut)','images/shape/piramide_nasale_testut_1_sx.png','sx',NULL),(72,4,'Piramide nasale - Tipo 2 Dx (Testut)','images/shape/piramide_nasale_testut_2_dx.png','dx',NULL),(73,4,'Piramide nasale - Tipo 2 Sx (Testut)','images/shape/piramide_nasale_testut_2_sx.png','sx',NULL),(74,4,'Piramide nasale - Tipo 3 Dx (Testut)','images/shape/piramide_nasale_testut_3_sx.png','dx',NULL),(75,4,'Piramide nasale - Tipo 3 Sx (Testut)','images/shape/piramide_nasale_testut_3_dx.png','sx',NULL),(76,4,'Piramide nasale - Tipo 4 Dx (Testut)','images/shape/piramide_nasale_testut_4_sx.png','dx',NULL),(77,4,'Piramide nasale - Tipo 4 Sx (Testut)','images/shape/piramide_nasale_testut_4_dx.png','sx',NULL),(78,4,'Piramide nasale - Tipo 1 Dx (Martin)','images/shape/piramide_nasale_martin_1_dx.png','dx',NULL),(79,4,'Piramide nasale - Tipo 1 Sx (Martin)','images/shape/piramide_nasale_martin_1_sx.png','sx',NULL),(80,4,'Piramide nasale - Tipo 2 Dx (Martin)','images/shape/piramide_nasale_martin_2_dx.png','dx',NULL),(81,4,'Piramide nasale - Tipo 2 Sx (Martin)','images/shape/piramide_nasale_martin_2_sx.png','sx',NULL),(82,4,'Piramide nasale - Tipo 3 Dx (Martin)','images/shape/piramide_nasale_martin_3_dx.png','dx',NULL),(83,4,'Piramide nasale - Tipo 3 Sx (Martin)','images/shape/piramide_nasale_martin_3_sx.png','sx',NULL),(84,4,'Piramide nasale - Tipo 4 Dx (Martin)','images/shape/piramide_nasale_martin_4_dx.png','dx',NULL),(85,4,'Piramide nasale - Tipo 4 Sx (Martin)','images/shape/piramide_nasale_martin_4_sx.png','sx',NULL),(86,4,'Piramide nasale - Tipo 5 Dx (Martin)','images/shape/piramide_nasale_martin_5_dx.png','dx',NULL),(87,4,'Piramide nasale - Tipo 5 Sx (Martin)','images/shape/piramide_nasale_martin_5_sx.png','sx',NULL),(88,4,'Piramide nasale - Tipo 6 Dx (Martin)','images/shape/piramide_nasale_martin_6_dx.png','dx',NULL),(89,4,'Piramide nasale - Tipo 6 Sx (Martin)','images/shape/piramide_nasale_martin_6_sx.png','sx',NULL),(90,4,'Piramide nasale - Tipo 7 Dx (Martin)','images/shape/piramide_nasale_martin_7_dx.png','dx',NULL),(91,4,'Piramide nasale - Tipo 7 Sx (Martin)','images/shape/piramide_nasale_martin_7_sx.png','sx',NULL),(92,4,'Piramide nasale - Tipo 8 Dx (Martin)','images/shape/piramide_nasale_martin_8_dx.png','dx',NULL),(93,4,'Piramide nasale - Tipo 8 Sx (Martin)','images/shape/piramide_nasale_martin_8_sx.png','sx',NULL),(94,4,'Piramide nasale - Tipo 9 Dx (Martin)','images/shape/piramide_nasale_martin_9_dx.png','dx',NULL),(95,4,'Piramide nasale - Tipo 9 Sx (Martin)','images/shape/piramide_nasale_martin_9_sx.png','sx',NULL),(96,4,'Piramide nasale - Tipo 10 Dx (Martin)','images/shape/piramide_nasale_martin_10_dx.png','dx',NULL),(97,4,'Piramide nasale - Tipo 10 Sx (Martin)','images/shape/piramide_nasale_martin_10_sx.png','sx',NULL),(98,4,'Piramide nasale - Tipo 11 Dx (Martin)','images/shape/piramide_nasale_martin_11_dx.png','dx',NULL),(99,4,'Piramide nasale - Tipo 11 Sx (Martin)','images/shape/piramide_nasale_martin_11_sx.png','sx',NULL),(100,4,'Piramide nasale - Tipo 12 Dx (Martin)','images/shape/piramide_nasale_martin_12_dx.png','dx',NULL),(101,4,'Piramide nasale - Tipo 12 Sx (Martin)','images/shape/piramide_nasale_martin_12_sx.png','sx',NULL),(102,4,'Piramide nasale - Tipo 13 Dx (Martin)','images/shape/piramide_nasale_martin_13_dx.png','dx',NULL),(103,4,'Piramide nasale - Tipo 13 Sx (Martin)','images/shape/piramide_nasale_martin_13_sx.png','sx',NULL),(104,4,'Piramide nasale - Tipo 14 Dx (Martin)','images/shape/piramide_nasale_martin_14_dx.png','dx',NULL),(105,4,'Piramide nasale - Tipo 14 Sx (Martin)','images/shape/piramide_nasale_martin_14_sx.png','sx',NULL),(106,4,'Piramide nasale - Tipo 15 Dx (Martin)','images/shape/piramide_nasale_martin_15_dx.png','dx',NULL),(107,4,'Piramide nasale - Tipo 15 Sx (Martin)','images/shape/piramide_nasale_martin_15_sx.png','sx',NULL),(115,6,'Padiglione auricolare - Tipo 1 Dx (Van Der Lugt)','images/shape/padiglione_auricolare_vanderlugt_1_dx.png','dx',NULL),(116,6,'Padiglione auricolare - Tipo 1 Sx (Van Der Lugt)','images/shape/padiglione_auricolare_vanderlugt_1_sx.png','sx',NULL),(117,6,'Padiglione auricolare - Tipo 2 Dx (Van Der Lugt)','images/shape/padiglione_auricolare_vanderlugt_2_dx.png','dx',NULL),(118,6,'Padiglione auricolare - Tipo 2 Sx (Van Der Lugt)','images/shape/padiglione_auricolare_vanderlugt_2_sx.png','sx',NULL),(119,6,'Padiglione auricolare - Tipo 3 Dx (Van Der Lugt)','images/shape/padiglione_auricolare_vanderlugt_3_dx.png','dx',NULL),(120,6,'Padiglione auricolare - Tipo 3 Sx (Van Der Lugt)','images/shape/padiglione_auricolare_vanderlugt_3_sx.png','sx',NULL),(121,6,'Padiglione auricolare - Tipo 4 Dx (Van Der Lugt)','images/shape/padiglione_auricolare_vanderlugt_4_dx.png','dx',NULL),(122,6,'Padiglione auricolare - Tipo 4 Sx (Van Der Lugt)','images/shape/padiglione_auricolare_vanderlugt_4_sx.png','sx',NULL),(123,9,'Profilo facciale - Tipo 1 Dx (fronto-nasale e naso-buccale combinati)','images/shape/profilo_facciale_1_dx.png','dx',NULL),(124,9,'Profilo facciale - Tipo 1 Sx (fronto-nasale e naso-buccale combinati)','images/shape/profilo_facciale_1_sx.png','sx',NULL),(125,9,'Profilo facciale - Tipo 2 Dx (fronto-nasale e naso-buccale combinati)','images/shape/profilo_facciale_2_dx.png','dx',NULL),(126,9,'Profilo facciale - Tipo 2 Sx (fronto-nasale e naso-buccale combinati)','images/shape/profilo_facciale_2_sx.png','sx',NULL),(127,9,'Profilo facciale - Tipo 3 Dx (fronto-nasale e naso-buccale combinati)','images/shape/profilo_facciale_3_dx.png','dx',NULL),(128,9,'Profilo facciale - Tipo 3 Sx (fronto-nasale e naso-buccale combinati)','images/shape/profilo_facciale_3_sx.png','sx',NULL),(129,9,'Profilo facciale - Tipo 4 Dx (fronto-nasale e naso-buccale combinati)','images/shape/profilo_facciale_4_dx.png','dx',NULL),(130,9,'Profilo facciale - Tipo 4 Sx (fronto-nasale e naso-buccale combinati)','images/shape/profilo_facciale_4_sx.png','sx',NULL),(131,7,'Profilo fronto-nasale - Tipo 1 Dx','images/shape/profilo_fronto_nasale_1_dx.png','dx',NULL),(132,7,'Profilo fronto-nasale - Tipo 1 Sx','images/shape/profilo_fronto_nasale_1_sx.png','sx',NULL),(133,7,'Profilo fronto-nasale - Tipo 2 Dx','images/shape/profilo_fronto_nasale_2_dx.png','dx',NULL),(134,7,'Profilo fronto-nasale - Tipo 2 Sx','images/shape/profilo_fronto_nasale_2_sx.png','sx',NULL),(135,7,'Profilo fronto-nasale - Tipo 3 Dx','images/shape/profilo_fronto_nasale_3_dx.png','dx',NULL),(136,7,'Profilo fronto-nasale - Tipo 3 Sx','images/shape/profilo_fronto_nasale_3_sx.png','sx',NULL),(137,7,'Profilo fronto-nasale - Tipo 4 Dx','images/shape/profilo_fronto_nasale_4_dx.png','dx',NULL),(138,7,'Profilo fronto-nasale - Tipo 4 Sx','images/shape/profilo_fronto_nasale_4_sx.png','sx',NULL),(139,7,'Profilo fronto-nasale - Tipo 5 Dx','images/shape/profilo_fronto_nasale_5_dx.png','dx',NULL),(140,7,'Profilo fronto-nasale - Tipo 5 Sx','images/shape/profilo_fronto_nasale_5_sx.png','sx',NULL),(141,7,'Profilo fronto-nasale - Tipo 6 Dx','images/shape/profilo_fronto_nasale_6_dx.png','dx',NULL),(142,7,'Profilo fronto-nasale - Tipo 6 Sx','images/shape/profilo_fronto_nasale_6_sx.png','sx',NULL),(143,8,'Profilo naso-buccale - Tipo 1 Dx','images/shape/profilo_naso_buccale_1_dx.png','dx',NULL),(144,8,'Profilo naso-buccale - Tipo 1 Sx','images/shape/profilo_naso_buccale_1_sx.png','sx',NULL),(145,8,'Profilo naso-buccale - Tipo 2 Dx','images/shape/profilo_naso_buccale_2_dx.png','dx',NULL),(146,8,'Profilo naso-buccale - Tipo 2 Sx','images/shape/profilo_naso_buccale_2_sx.png','sx',NULL),(147,8,'Profilo naso-buccale - Tipo 3 Dx','images/shape/profilo_naso_buccale_3_dx.png','dx',NULL),(148,8,'Profilo naso-buccale - Tipo 3 Sx','images/shape/profilo_naso_buccale_3_sx.png','sx',NULL),(149,8,'Profilo naso-buccale - Tipo 4 Dx','images/shape/profilo_naso_buccale_4_dx.png','dx',NULL),(150,8,'Profilo naso-buccale - Tipo 4 Sx','images/shape/profilo_naso_buccale_4_sx.png','sx',NULL);
/*!40000 ALTER TABLE `morphology` ENABLE KEYS */;
UNLOCK TABLES;
DROP TABLE IF EXISTS `morphology_type`;
/*!40101 SET @saved_cs_client     = @@character_set_client */;
/*!40101 SET character_set_client = utf8 */;
CREATE TABLE `morphology_type` (
  `id` int(10) unsigned NOT NULL AUTO_INCREMENT,
  `name` char(100) COLLATE utf8mb4_unicode_ci NOT NULL,
  PRIMARY KEY (`id`)
) ENGINE=InnoDB AUTO_INCREMENT=10 DEFAULT CHARSET=utf8mb4 COLLATE=utf8mb4_unicode_ci;
/*!40101 SET character_set_client = @saved_cs_client */;

LOCK TABLES `morphology_type` WRITE;
/*!40000 ALTER TABLE `morphology_type` DISABLE KEYS */;
INSERT INTO `morphology_type` VALUES (1,'Forma del capo'),(2,'Forma degli occhi'),(3,'Forma della bocca'),(4,'Forma del naso'),(5,'Attaccatura dei capelli'),(6,'Forma del padiglione auricolare'),(7,'Forma del profilo fronto-nasale'),(8,'Forma del profilo naso-buccale'),(9,'Forma del profilo facciale');
/*!40000 ALTER TABLE `morphology_type` ENABLE KEYS */;
UNLOCK TABLES;
DROP TABLE IF EXISTS `password_resets`;
/*!40101 SET @saved_cs_client     = @@character_set_client */;
/*!40101 SET character_set_client = utf8 */;
CREATE TABLE `password_resets` (
  `email` varchar(191) COLLATE utf8mb4_unicode_ci NOT NULL,
  `token` varchar(191) COLLATE utf8mb4_unicode_ci NOT NULL,
  `created_at` timestamp NULL DEFAULT NULL,
  KEY `password_resets_email_index` (`email`)
) ENGINE=InnoDB DEFAULT CHARSET=utf8mb4 COLLATE=utf8mb4_unicode_ci;
/*!40101 SET character_set_client = @saved_cs_client */;

LOCK TABLES `password_resets` WRITE;
/*!40000 ALTER TABLE `password_resets` DISABLE KEYS */;
/*!40000 ALTER TABLE `password_resets` ENABLE KEYS */;
UNLOCK TABLES;
DROP TABLE IF EXISTS `project`;
/*!40101 SET @saved_cs_client     = @@character_set_client */;
/*!40101 SET character_set_client = utf8 */;
CREATE TABLE `project` (
  `id` int(10) unsigned NOT NULL AUTO_INCREMENT,
  `id_user` int(10) unsigned NOT NULL,
  `id_subject` int(10) unsigned NOT NULL,
  `name` char(100) COLLATE utf8mb4_unicode_ci NOT NULL,
  `description` char(100) COLLATE utf8mb4_unicode_ci NOT NULL,
  `metadata` longtext COLLATE utf8mb4_unicode_ci,
  `created_at` timestamp NULL DEFAULT NULL,
  `updated_at` timestamp NULL DEFAULT NULL,
  PRIMARY KEY (`id`),
  KEY `project_id_subject_foreign` (`id_subject`),
  KEY `project_id_user_foreign` (`id_user`),
  CONSTRAINT `project_id_subject_foreign` FOREIGN KEY (`id_subject`) REFERENCES `subject` (`id`),
  CONSTRAINT `project_id_user_foreign` FOREIGN KEY (`id_user`) REFERENCES `users` (`id`)
) ENGINE=InnoDB AUTO_INCREMENT=78 DEFAULT CHARSET=utf8mb4 COLLATE=utf8mb4_unicode_ci;
/*!40101 SET character_set_client = @saved_cs_client */;

LOCK TABLES `project` WRITE;
/*!40000 ALTER TABLE `project` DISABLE KEYS */;
INSERT INTO `project` VALUES (1,21,1,'project_soggetto1','description','{\"transform_front\":{\"global\":\"rotate(0deg) scale(0.6000000000000001) translate(0px, 0px)\",\"shapes\":{\"drag_1573135676031\":{\"x\":\"-685\",\"y\":\"34\",\"degree\":\"0\",\"h\":\"413\",\"w\":\"413\",\"id_shape\":\"46\",\"morph_type_id\":\"1\",\"linked_to\":null,\"morph_id\":\"46\",\"left\":\"145\",\"top\":\"174.21875\",\"size_shape\":\"413\",\"size_top\":\"955\",\"size_left\":\"1280\"}},\"x\":0,\"y\":0,\"zoom\":0.6000000000000001,\"degree\":0},\"transform_profile\":{\"global\":\"rotate(0deg) scale(1) translate(0px, 0px)\",\"shapes\":null,\"x\":0,\"y\":0,\"zoom\":1,\"degree\":0}}','2019-11-07 12:30:08','2019-11-07 13:25:11'),(2,21,2,'project_soggetto3','description','{\"transform_front\":{\"global\":\"rotate(0deg) scale(1) translate(195px, 0px)\",\"shapes\":{\"drag_1573432133637\":{\"x\":\"-613\",\"y\":\"-75\",\"degree\":\"0\",\"h\":\"391\",\"w\":\"391\",\"id_shape\":\"40\",\"morph_type_id\":\"1\",\"linked_to\":null,\"morph_id\":\"40\",\"left\":\"217\",\"top\":\"65.21875\",\"size_shape\":\"391\",\"size_top\":\"757\",\"size_left\":\"1280\"}},\"x\":195,\"y\":0,\"zoom\":1,\"degree\":0},\"transform_profile\":{\"global\":\"rotate(0deg) scale(1) translate(0px, 0px)\",\"x\":0,\"y\":0,\"zoom\":1,\"degree\":0,\"shapes\":null}}','2019-11-07 12:31:31','2019-11-10 23:29:27'),(3,21,3,'project_soggetto4','description','{\"transform_front\":{\"global\":\"rotate(0deg) scale(0.40000000000000013) translate(0px, -395px)\",\"shapes\":{\"drag_1573432512830\":{\"x\":\"-578\",\"y\":\"-16\",\"degree\":\"0\",\"h\":\"386\",\"w\":\"386\",\"id_shape\":\"46\",\"morph_type_id\":\"1\",\"linked_to\":null,\"morph_id\":\"46\",\"left\":\"252\",\"top\":\"124.21875\",\"size_shape\":\"386\",\"size_top\":\"1154\",\"size_left\":\"1280\"}},\"x\":0,\"y\":-395,\"zoom\":0.40000000000000013,\"degree\":0},\"transform_profile\":{\"global\":\"rotate(0deg) scale(1) translate(0px, 0px)\",\"x\":0,\"y\":0,\"zoom\":1,\"degree\":0,\"shapes\":null}}','2019-11-07 12:32:06','2019-11-11 00:04:22'),(4,21,4,'project_soggetto5','description','{\"transform_front\":{\"global\":\"rotate(0deg) scale(0.30000000000000016) translate(0px, -355px)\",\"shapes\":{\"drag_1573432568106\":{\"x\":\"-545\",\"y\":\"79\",\"degree\":\"0\",\"h\":\"286\",\"w\":\"286\",\"id_shape\":\"40\",\"morph_type_id\":\"1\",\"linked_to\":null,\"morph_id\":\"40\",\"left\":\"285\",\"top\":\"219.21875\",\"size_shape\":\"289\",\"size_top\":\"1139\",\"size_left\":\"1280\"}},\"x\":0,\"y\":-355,\"zoom\":0.30000000000000016,\"degree\":0},\"transform_profile\":{\"global\":\"rotate(0deg) scale(1) translate(0px, 0px)\",\"x\":0,\"y\":0,\"zoom\":1,\"degree\":0,\"shapes\":null}}','2019-11-07 12:33:03','2019-11-10 23:36:52'),(5,21,5,'project_soggetto6','description','{\"transform_front\":{\"global\":\"rotate(0deg) scale(1) translate(225px, 0px)\",\"shapes\":{\"drag_1573432635270\":{\"x\":\"-553\",\"y\":\"-14\",\"degree\":\"0\",\"h\":\"279\",\"w\":\"279\",\"id_shape\":\"48\",\"morph_type_id\":\"1\",\"linked_to\":null,\"morph_id\":\"48\",\"left\":\"277\",\"top\":\"126.21875\",\"size_shape\":\"279\",\"size_top\":\"757\",\"size_left\":\"1280\"}},\"x\":225,\"y\":0,\"zoom\":1,\"degree\":0},\"transform_profile\":{\"global\":\"rotate(0deg) scale(1) translate(0px, 0px)\",\"x\":0,\"y\":0,\"zoom\":1,\"degree\":0,\"shapes\":null}}','2019-11-07 12:33:42','2019-11-10 23:38:05'),(6,21,6,'project_soggetto7','description','{\"transform_front\":{\"global\":\"rotate(0deg) scale(0.30000000000000016) translate(0px, -410px)\",\"shapes\":{\"drag_1573432843621\":{\"x\":\"-569\",\"y\":\"46\",\"degree\":\"0\",\"h\":\"254\",\"w\":\"254\",\"id_shape\":\"40\",\"morph_type_id\":\"1\",\"linked_to\":null,\"morph_id\":\"40\",\"left\":\"261\",\"top\":\"186.21875\",\"size_shape\":\"254\",\"size_top\":\"1067\",\"size_left\":\"1280\"}},\"x\":0,\"y\":-410,\"zoom\":0.30000000000000016,\"degree\":0},\"transform_profile\":{\"global\":\"rotate(0deg) scale(1) translate(0px, 0px)\",\"x\":0,\"y\":0,\"zoom\":1,\"degree\":0,\"shapes\":null}}','2019-11-07 12:34:16','2019-11-10 23:41:25'),(7,21,7,'project_soggetto8','description','{\"transform_front\":{\"global\":\"rotate(0deg) scale(0.40000000000000013) translate(0px, -190px)\",\"shapes\":{\"drag_1573432969856\":{\"x\":\"-602\",\"y\":\"68\",\"degree\":\"0\",\"h\":\"355\",\"w\":\"355\",\"id_shape\":\"40\",\"morph_type_id\":\"1\",\"linked_to\":null,\"morph_id\":\"40\",\"left\":\"228\",\"top\":\"208.21875\",\"size_shape\":\"355\",\"size_top\":\"1105\",\"size_left\":\"1280\"}},\"x\":0,\"y\":-190,\"zoom\":0.40000000000000013,\"degree\":0},\"transform_profile\":{\"global\":\"rotate(0deg) scale(1) translate(0px, 0px)\",\"x\":0,\"y\":0,\"zoom\":1,\"degree\":0,\"shapes\":null}}','2019-11-07 12:34:42','2019-11-10 23:44:51'),(8,21,8,'project_soggetto9','description','{\"transform_front\":{\"global\":\"rotate(0deg) scale(0.40000000000000013) translate(0px, -305px)\",\"shapes\":{\"drag_1573433170716\":{\"x\":\"-564\",\"y\":\"73\",\"degree\":\"0\",\"h\":\"347\",\"w\":\"347\",\"id_shape\":\"48\",\"morph_type_id\":\"1\",\"linked_to\":null,\"morph_id\":\"48\",\"left\":\"266\",\"top\":\"213.21875\",\"size_shape\":\"347\",\"size_top\":\"1154\",\"size_left\":\"1280\"}},\"x\":0,\"y\":-305,\"zoom\":0.40000000000000013,\"degree\":0},\"transform_profile\":{\"global\":\"rotate(0deg) scale(1) translate(0px, 0px)\",\"x\":0,\"y\":0,\"zoom\":1,\"degree\":0,\"shapes\":null}}','2019-11-07 12:35:11','2019-11-10 23:47:12'),(9,21,9,'project_soggetto11','description','{\"transform_front\":{\"global\":\"rotate(0deg) scale(0.5000000000000001) translate(0px, 0px)\",\"shapes\":{\"drag_1573433386968\":{\"x\":\"-655\",\"y\":\"53\",\"degree\":\"-0.005923587907844308\",\"h\":\"326\",\"w\":\"326\",\"id_shape\":\"46\",\"morph_type_id\":\"1\",\"linked_to\":null,\"morph_id\":\"46\",\"left\":\"174.91140747070312\",\"top\":\"191.3767852783203\",\"size_shape\":\"326\",\"size_top\":\"916\",\"size_left\":\"1280\"}},\"x\":0,\"y\":0,\"zoom\":0.5000000000000001,\"degree\":0},\"transform_profile\":{\"global\":\"rotate(0deg) scale(1) translate(0px, 0px)\",\"x\":0,\"y\":0,\"zoom\":1,\"degree\":0,\"shapes\":null}}','2019-11-07 12:35:45','2019-11-10 23:50:50'),(10,21,10,'project_soggetto12','description','{\"transform_front\":{\"global\":\"rotate(0deg) scale(0.7000000000000001) translate(0px, 0px)\",\"shapes\":{\"drag_1573433583019\":{\"x\":\"-752\",\"y\":\"-4\",\"degree\":\"0\",\"h\":\"417\",\"w\":\"417\",\"id_shape\":\"40\",\"morph_type_id\":\"1\",\"linked_to\":null,\"morph_id\":\"40\",\"left\":\"78\",\"top\":\"136.21875\",\"size_shape\":\"417\",\"size_top\":\"875\",\"size_left\":\"1280\"}},\"x\":0,\"y\":0,\"zoom\":0.7000000000000001,\"degree\":0},\"transform_profile\":{\"global\":\"rotate(0deg) scale(1) translate(0px, 0px)\",\"x\":0,\"y\":0,\"zoom\":1,\"degree\":0,\"shapes\":null}}','2019-11-07 12:36:19','2019-11-10 23:54:03'),(11,21,11,'project_soggetto13','description','{\"transform_front\":{\"global\":\"rotate(0deg) scale(0.7000000000000001) translate(0px, 0px)\",\"shapes\":{\"drag_1573433724417\":{\"x\":\"-713\",\"y\":\"11\",\"degree\":\"0\",\"h\":\"369\",\"w\":\"369\",\"id_shape\":\"46\",\"morph_type_id\":\"1\",\"linked_to\":null,\"morph_id\":\"46\",\"left\":\"117\",\"top\":\"151.21875\",\"size_shape\":\"369\",\"size_top\":\"868\",\"size_left\":\"1280\"}},\"x\":0,\"y\":0,\"zoom\":0.7000000000000001,\"degree\":0},\"transform_profile\":{\"global\":\"rotate(0deg) scale(1) translate(0px, 0px)\",\"x\":0,\"y\":0,\"zoom\":1,\"degree\":0,\"shapes\":null}}','2019-11-07 13:49:03','2019-11-10 23:55:46'),(12,21,12,'project_soggetto14','description','{\"transform_front\":{\"global\":\"rotate(0deg) scale(0.6000000000000001) translate(0px, -65px)\",\"shapes\":{\"drag_1573433767301\":{\"x\":\"-692\",\"y\":\"36\",\"degree\":\"0\",\"h\":\"389\",\"w\":\"389\",\"id_shape\":\"41\",\"morph_type_id\":\"1\",\"linked_to\":null,\"morph_id\":\"41\",\"left\":\"138\",\"top\":\"176.21875\",\"size_shape\":\"389\",\"size_top\":\"952\",\"size_left\":\"1280\"}},\"x\":0,\"y\":-65,\"zoom\":0.6000000000000001,\"degree\":0},\"transform_profile\":{\"global\":\"rotate(0deg) scale(1) translate(0px, 0px)\",\"x\":0,\"y\":0,\"zoom\":1,\"degree\":0,\"shapes\":null}}','2019-11-07 13:49:31','2019-11-10 23:56:45'),(13,21,13,'project_soggetto15','description','{\"transform_front\":{\"global\":\"rotate(0deg) scale(0.8) translate(0px, 0px)\",\"shapes\":{\"drag_1573433965100\":{\"x\":\"-755\",\"y\":\"-16\",\"degree\":\"0\",\"h\":\"388\",\"w\":\"388\",\"id_shape\":\"40\",\"morph_type_id\":\"1\",\"linked_to\":null,\"morph_id\":\"40\",\"left\":\"75\",\"top\":\"124.21875\",\"size_shape\":\"388\",\"size_top\":\"846\",\"size_left\":\"1280\"}},\"x\":0,\"y\":0,\"zoom\":0.8,\"degree\":0},\"transform_profile\":{\"global\":\"rotate(0deg) scale(1) translate(0px, 0px)\",\"x\":0,\"y\":0,\"zoom\":1,\"degree\":0,\"shapes\":null}}','2019-11-07 13:50:04','2019-11-11 00:00:10'),(14,21,14,'project_soggetto16','description','{\"transform_front\":{\"global\":\"rotate(0deg) scale(0.6000000000000001) translate(0px, -110px)\",\"shapes\":{\"drag_1573434110865\":{\"x\":\"-672\",\"y\":\"-17\",\"degree\":\"0\",\"h\":\"320\",\"w\":\"320\",\"id_shape\":\"46\",\"morph_type_id\":\"1\",\"linked_to\":null,\"morph_id\":\"46\",\"left\":\"158\",\"top\":\"123.21875\",\"size_shape\":\"320\",\"size_top\":\"891\",\"size_left\":\"1280\"}},\"x\":0,\"y\":-110,\"zoom\":0.6000000000000001,\"degree\":0},\"transform_profile\":{\"global\":\"rotate(0deg) scale(1) translate(0px, 0px)\",\"x\":0,\"y\":0,\"zoom\":1,\"degree\":0,\"shapes\":null}}','2019-11-07 13:50:33','2019-11-11 00:02:21'),(15,21,15,'project_soggetto17','description','{\"transform_front\":{\"global\":\"rotate(0deg) scale(0.7000000000000001) translate(0px, 0px)\",\"shapes\":{\"drag_1573434160757\":{\"x\":\"-716\",\"y\":\"1\",\"degree\":\"0\",\"h\":\"379\",\"w\":\"379\",\"id_shape\":\"46\",\"morph_type_id\":\"1\",\"linked_to\":null,\"morph_id\":\"46\",\"left\":\"114\",\"top\":\"141.21875\",\"size_shape\":\"379\",\"size_top\":\"872\",\"size_left\":\"1280\"}},\"x\":0,\"y\":0,\"zoom\":0.7000000000000001,\"degree\":0},\"transform_profile\":{\"global\":\"rotate(0deg) scale(1) translate(0px, 0px)\",\"x\":0,\"y\":0,\"zoom\":1,\"degree\":0,\"shapes\":null}}','2019-11-07 13:51:17','2019-11-11 00:02:54'),(16,21,16,'project_soggetto18','description','{\"transform_front\":{\"global\":\"rotate(0deg) scale(0.9) translate(0px, 0px)\",\"shapes\":{\"drag_1573434340267\":{\"x\":\"-745\",\"y\":\"-23\",\"degree\":\"0\",\"h\":\"375\",\"w\":\"375\",\"id_shape\":\"46\",\"morph_type_id\":\"1\",\"linked_to\":null,\"morph_id\":\"46\",\"left\":\"85\",\"top\":\"117.21875\",\"size_shape\":\"375\",\"size_top\":\"792\",\"size_left\":\"1280\"}},\"x\":0,\"y\":0,\"zoom\":0.9,\"degree\":0},\"transform_profile\":{\"global\":\"rotate(0deg) scale(1) translate(0px, 0px)\",\"x\":0,\"y\":0,\"zoom\":1,\"degree\":0,\"shapes\":null}}','2019-11-07 13:51:42','2019-11-11 00:06:17'),(17,21,17,'project_soggetto19','description','{\"transform_front\":{\"global\":\"rotate(0deg) scale(0.7000000000000001) translate(0px, 0px)\",\"shapes\":{\"drag_1573434416153\":{\"x\":\"-710\",\"y\":\"32\",\"degree\":\"0\",\"h\":\"318\",\"w\":\"318\",\"id_shape\":\"42\",\"morph_type_id\":\"1\",\"linked_to\":null,\"morph_id\":\"42\",\"left\":\"120\",\"top\":\"172.21875\",\"size_shape\":\"318\",\"size_top\":\"836\",\"size_left\":\"1280\"}},\"x\":0,\"y\":0,\"zoom\":0.7000000000000001,\"degree\":0},\"transform_profile\":{\"global\":\"rotate(0deg) scale(1) translate(0px, 0px)\",\"x\":0,\"y\":0,\"zoom\":1,\"degree\":0,\"shapes\":null}}','2019-11-07 13:52:16','2019-11-11 00:08:33'),(18,21,18,'project_soggetto20','description','{\"transform_front\":{\"global\":\"rotate(0deg) scale(2.5000000000000013) translate(120px, 45px)\",\"shapes\":{\"drag_1573434685759\":{\"x\":\"-514\",\"y\":\"32\",\"degree\":\"0\",\"h\":\"201\",\"w\":\"201\",\"id_shape\":\"42\",\"morph_type_id\":\"1\",\"linked_to\":null,\"morph_id\":\"42\",\"left\":\"316\",\"top\":\"172.21875\",\"size_shape\":\"201\",\"size_top\":\"757\",\"size_left\":\"1280\"}},\"x\":120,\"y\":45,\"zoom\":2.5000000000000013,\"degree\":0},\"transform_profile\":{\"global\":\"rotate(0deg) scale(1) translate(0px, 0px)\",\"x\":0,\"y\":0,\"zoom\":1,\"degree\":0,\"shapes\":null}}','2019-11-07 13:52:37','2019-11-11 00:15:21'),(19,21,19,'project_soggetto21','description','{\"transform_front\":{\"global\":\"rotate(0deg) scale(0.9) translate(180px, 0px)\",\"shapes\":{\"drag_1573439868610\":{\"x\":\"-596\",\"y\":\"-3\",\"degree\":\"0\",\"h\":\"323\",\"w\":\"323\",\"id_shape\":\"42\",\"morph_type_id\":\"1\",\"linked_to\":null,\"morph_id\":\"42\",\"left\":\"234\",\"top\":\"137.21875\",\"size_shape\":\"323\",\"size_top\":\"757\",\"size_left\":\"1280\"}},\"x\":180,\"y\":0,\"zoom\":0.9,\"degree\":0},\"transform_profile\":{\"global\":\"rotate(0deg) scale(1) translate(0px, 0px)\",\"x\":0,\"y\":0,\"zoom\":1,\"degree\":0,\"shapes\":null}}','2019-11-07 14:03:25','2019-11-11 01:38:17'),(20,21,20,'project_soggetto22','description','{\"transform_front\":{\"global\":\"rotate(0deg) scale(0.8) translate(145px, -25px)\",\"shapes\":{\"drag_1573439925780\":{\"x\":\"-625\",\"y\":\"13\",\"degree\":\"0\",\"h\":\"419\",\"w\":\"419\",\"id_shape\":\"42\",\"morph_type_id\":\"1\",\"linked_to\":null,\"morph_id\":\"42\",\"left\":\"205\",\"top\":\"153.21875\",\"size_shape\":\"419\",\"size_top\":\"904\",\"size_left\":\"1280\"}},\"x\":145,\"y\":-25,\"zoom\":0.8,\"degree\":0},\"transform_profile\":{\"global\":\"rotate(0deg) scale(1) translate(0px, 0px)\",\"x\":0,\"y\":0,\"zoom\":1,\"degree\":0,\"shapes\":null}}','2019-11-07 14:03:46','2019-11-11 01:39:05'),(21,21,21,'project_soggetto24','descrption','{\"transform_front\":{\"global\":\"rotate(0deg) scale(0.5000000000000001) translate(0px, -115px)\",\"shapes\":{\"drag_1573439987715\":{\"x\":\"-609\",\"y\":\"71\",\"degree\":\"0\",\"h\":\"405\",\"w\":\"405\",\"id_shape\":\"46\",\"morph_type_id\":\"1\",\"linked_to\":null,\"morph_id\":\"46\",\"left\":\"221\",\"top\":\"211.21875\",\"size_shape\":\"405\",\"size_top\":\"1115\",\"size_left\":\"1280\"}},\"x\":0,\"y\":-115,\"zoom\":0.5000000000000001,\"degree\":0},\"transform_profile\":{\"global\":\"rotate(0deg) scale(1) translate(0px, 0px)\",\"x\":0,\"y\":0,\"zoom\":1,\"degree\":0,\"shapes\":null}}','2019-11-07 14:09:13','2019-11-11 01:40:06'),(22,21,22,'project_soggetto25','description','{\"transform_front\":{\"global\":\"rotate(0deg) scale(1) translate(200px, 0px)\",\"shapes\":{\"drag_1573440045722\":{\"x\":\"-590\",\"y\":\"-46\",\"degree\":\"0\",\"h\":\"313\",\"w\":\"313\",\"id_shape\":\"40\",\"morph_type_id\":\"1\",\"linked_to\":null,\"morph_id\":\"40\",\"left\":\"240\",\"top\":\"94.21875\",\"size_shape\":\"313\",\"size_top\":\"757\",\"size_left\":\"1280\"}},\"x\":200,\"y\":0,\"zoom\":1,\"degree\":0},\"transform_profile\":{\"global\":\"rotate(0deg) scale(1) translate(0px, 0px)\",\"x\":0,\"y\":0,\"zoom\":1,\"degree\":0,\"shapes\":null}}','2019-11-07 14:09:42','2019-11-11 01:41:13'),(23,21,23,'project_soggetto26','description','{\"transform_front\":{\"global\":\"rotate(0deg) scale(0.8) translate(195px, 0px)\",\"shapes\":{\"drag_1573440114245\":{\"x\":\"-578\",\"y\":\"-20\",\"degree\":\"0\",\"h\":\"306\",\"w\":\"306\",\"id_shape\":\"46\",\"morph_type_id\":\"1\",\"linked_to\":null,\"morph_id\":\"46\",\"left\":\"252\",\"top\":\"120.21875\",\"size_shape\":\"306\",\"size_top\":\"757\",\"size_left\":\"1280\"}},\"x\":195,\"y\":0,\"zoom\":0.8,\"degree\":0},\"transform_profile\":{\"global\":\"rotate(0deg) scale(1) translate(0px, 0px)\",\"x\":0,\"y\":0,\"zoom\":1,\"degree\":0,\"shapes\":null}}','2019-11-07 14:10:15','2019-11-11 01:42:06'),(24,21,24,'project_soggetto28','description','{\"transform_front\":{\"global\":\"rotate(0deg) scale(0.40000000000000013) translate(0px, -255px)\",\"shapes\":{\"drag_1573440163522\":{\"x\":\"-609\",\"y\":\"17\",\"degree\":\"0\",\"h\":\"306\",\"w\":\"306\",\"id_shape\":\"40\",\"morph_type_id\":\"1\",\"linked_to\":null,\"morph_id\":\"40\",\"left\":\"221\",\"top\":\"157.21875\",\"size_shape\":\"306\",\"size_top\":\"1024\",\"size_left\":\"1280\"}},\"x\":0,\"y\":-255,\"zoom\":0.40000000000000013,\"degree\":0},\"transform_profile\":{\"global\":\"rotate(0deg) scale(1) translate(0px, 0px)\",\"shapes\":null,\"x\":0,\"y\":0,\"zoom\":1,\"degree\":0}}','2019-11-07 14:10:42','2019-11-11 01:43:01'),(25,21,25,'project_soggetto30','description','{\"transform_front\":{\"global\":\"rotate(0deg) scale(1) translate(215px, 0px)\",\"shapes\":{\"drag_1573440189809\":{\"x\":\"-561\",\"y\":\"-52\",\"degree\":\"0\",\"h\":\"324\",\"w\":\"324\",\"id_shape\":\"46\",\"morph_type_id\":\"1\",\"linked_to\":null,\"morph_id\":\"46\",\"left\":\"269\",\"top\":\"88.21875\",\"size_shape\":\"324\",\"size_top\":\"757\",\"size_left\":\"1280\"}},\"x\":215,\"y\":0,\"zoom\":1,\"degree\":0},\"transform_profile\":{\"global\":\"rotate(0deg) scale(1) translate(0px, 0px)\",\"x\":0,\"y\":0,\"zoom\":1,\"degree\":0,\"shapes\":null}}','2019-11-07 14:11:17','2019-11-11 01:44:00'),(26,21,26,'project_soggetto31','descritpion','{\"transform_front\":{\"global\":\"rotate(0deg) scale(1) translate(220px, 0px)\",\"shapes\":{\"drag_1573440256263\":{\"x\":\"-527\",\"y\":\"-2\",\"degree\":\"0\",\"h\":\"271\",\"w\":\"271\",\"id_shape\":\"46\",\"morph_type_id\":\"1\",\"linked_to\":null,\"morph_id\":\"46\",\"left\":\"303\",\"top\":\"138.21875\",\"size_shape\":\"271\",\"size_top\":\"757\",\"size_left\":\"1280\"}},\"x\":220,\"y\":0,\"zoom\":1,\"degree\":0},\"transform_profile\":{\"global\":\"rotate(0deg) scale(1) translate(0px, 0px)\",\"shapes\":null,\"x\":0,\"y\":0,\"zoom\":1,\"degree\":0}}','2019-11-07 14:11:50','2019-11-11 01:45:05'),(27,21,27,'project_soggetto32','description','{\"transform_front\":{\"global\":\"rotate(0deg) scale(0.8) translate(140px, 0px)\",\"shapes\":{\"drag_1573440324714\":{\"x\":\"-616\",\"y\":\"11\",\"degree\":\"0\",\"h\":\"275\",\"w\":\"275\",\"id_shape\":\"45\",\"morph_type_id\":\"1\",\"linked_to\":null,\"morph_id\":\"45\",\"left\":\"214\",\"top\":\"151.21875\",\"size_shape\":\"275\",\"size_top\":\"757\",\"size_left\":\"1280\"}},\"x\":140,\"y\":0,\"zoom\":0.8,\"degree\":0},\"transform_profile\":{\"global\":\"rotate(0deg) scale(1) translate(0px, 0px)\",\"x\":0,\"y\":0,\"zoom\":1,\"degree\":0,\"shapes\":null}}','2019-11-07 14:26:19','2019-11-11 01:45:43'),(28,21,28,'project_soggetto33','description','{\"transform_front\":{\"global\":\"rotate(0deg) scale(1) translate(225px, 0px)\",\"shapes\":{\"drag_1573440366109\":{\"x\":\"-546\",\"y\":\"-45\",\"degree\":\"0\",\"h\":\"277\",\"w\":\"277\",\"id_shape\":\"46\",\"morph_type_id\":\"1\",\"linked_to\":null,\"morph_id\":\"46\",\"left\":\"284\",\"top\":\"95.21875\",\"size_shape\":\"277\",\"size_top\":\"757\",\"size_left\":\"1280\"}},\"x\":225,\"y\":0,\"zoom\":1,\"degree\":0},\"transform_profile\":{\"global\":\"rotate(0deg) scale(1) translate(0px, 0px)\",\"x\":0,\"y\":0,\"zoom\":1,\"degree\":0,\"shapes\":null}}','2019-11-07 14:26:53','2019-11-11 01:46:25'),(29,21,29,'project_soggetto36','description','{\"transform_front\":{\"global\":\"rotate(0deg) scale(0.5000000000000001) translate(160px, -160px)\",\"shapes\":{\"drag_1573440410927\":{\"x\":\"-565\",\"y\":\"11\",\"degree\":\"0\",\"h\":\"292\",\"w\":\"292\",\"id_shape\":\"46\",\"morph_type_id\":\"1\",\"linked_to\":null,\"morph_id\":\"46\",\"left\":\"265\",\"top\":\"151.21875\",\"size_shape\":\"292\",\"size_top\":\"923\",\"size_left\":\"1280\"}},\"x\":160,\"y\":-160,\"zoom\":0.5000000000000001,\"degree\":0},\"transform_profile\":{\"global\":\"rotate(0deg) scale(1) translate(0px, 0px)\",\"x\":0,\"y\":0,\"zoom\":1,\"degree\":0,\"shapes\":null}}','2019-11-07 14:30:03','2019-11-11 01:47:06'),(30,21,30,'project_soggetto37','description','{\"transform_front\":{\"global\":\"rotate(0deg) scale(0.40000000000000013) translate(0px, 0px)\",\"shapes\":{\"drag_1573440483696\":{\"x\":\"-591\",\"y\":\"157\",\"degree\":\"0\",\"h\":\"307\",\"w\":\"307\",\"id_shape\":\"40\",\"morph_type_id\":\"1\",\"linked_to\":null,\"morph_id\":\"40\",\"left\":\"239\",\"top\":\"297.21875\",\"size_shape\":\"307\",\"size_top\":\"1081\",\"size_left\":\"1280\"}},\"x\":0,\"y\":0,\"zoom\":0.40000000000000013,\"degree\":0},\"transform_profile\":{\"global\":\"rotate(0deg) scale(1) translate(0px, 0px)\",\"x\":0,\"y\":0,\"zoom\":1,\"degree\":0,\"shapes\":null}}','2019-11-07 14:31:09','2019-11-11 01:48:29'),(31,21,31,'project_soggetto38','description','{\"transform_front\":{\"global\":\"rotate(0deg) scale(0.30000000000000016) translate(0px, -355px)\",\"shapes\":{\"drag_1573440524598\":{\"x\":\"-523\",\"y\":\"96\",\"degree\":\"0\",\"h\":\"242\",\"w\":\"242\",\"id_shape\":\"46\",\"morph_type_id\":\"1\",\"linked_to\":null,\"morph_id\":\"46\",\"left\":\"307\",\"top\":\"236.21875\",\"size_shape\":\"242\",\"size_top\":\"1105\",\"size_left\":\"1280\"}},\"x\":0,\"y\":-355,\"zoom\":0.30000000000000016,\"degree\":0},\"transform_profile\":{\"global\":\"rotate(0deg) scale(1) translate(0px, 0px)\",\"x\":0,\"y\":0,\"zoom\":1,\"degree\":0,\"shapes\":null}}','2019-11-07 14:33:19','2019-11-11 01:49:20'),(32,21,32,'project_soggetto39','description','{\"transform_front\":{\"global\":\"rotate(0deg) scale(1.1) translate(245px, 45px)\",\"shapes\":{\"drag_1573440582655\":{\"x\":\"-544\",\"y\":\"-20\",\"degree\":\"0\",\"h\":\"299\",\"w\":\"299\",\"id_shape\":\"40\",\"morph_type_id\":\"1\",\"linked_to\":null,\"morph_id\":\"40\",\"left\":\"286\",\"top\":\"120.21875\",\"size_shape\":\"299\",\"size_top\":\"757\",\"size_left\":\"1280\"}},\"x\":245,\"y\":45,\"zoom\":1.1,\"degree\":0},\"transform_profile\":{\"global\":\"rotate(0deg) scale(1) translate(0px, 0px)\",\"shapes\":null,\"x\":0,\"y\":0,\"zoom\":1,\"degree\":0}}','2019-11-07 14:34:16','2019-11-11 01:49:55'),(33,21,33,'project_soggetto40','description','{\"transform_front\":{\"global\":\"rotate(0deg) scale(0.5000000000000001) translate(185px, -85px)\",\"shapes\":{\"drag_1573440690290\":{\"x\":\"-572\",\"y\":\"55\",\"degree\":\"0\",\"h\":\"247\",\"w\":\"247\",\"id_shape\":\"48\",\"morph_type_id\":\"1\",\"linked_to\":null,\"morph_id\":\"48\",\"left\":\"258\",\"top\":\"195.21875\",\"size_shape\":\"247\",\"size_top\":\"847\",\"size_left\":\"1280\"}},\"x\":185,\"y\":-85,\"zoom\":0.5000000000000001,\"degree\":0},\"transform_profile\":{\"global\":\"rotate(0deg) scale(1) translate(0px, 0px)\",\"x\":0,\"y\":0,\"zoom\":1,\"degree\":0,\"shapes\":null}}','2019-11-07 14:34:38','2019-11-11 01:51:43'),(34,21,34,'project_soggetto41','description','{\"transform_front\":{\"global\":\"rotate(0deg) scale(0.6000000000000001) translate(175px, 0px)\",\"shapes\":{\"drag_1573440760972\":{\"x\":\"-618\",\"y\":\"32\",\"degree\":\"0\",\"h\":\"331\",\"w\":\"331\",\"id_shape\":\"41\",\"morph_type_id\":\"1\",\"linked_to\":null,\"morph_id\":\"41\",\"left\":\"212\",\"top\":\"172.21875\",\"size_shape\":\"331\",\"size_top\":\"829\",\"size_left\":\"1280\"}},\"x\":175,\"y\":0,\"zoom\":0.6000000000000001,\"degree\":0},\"transform_profile\":{\"global\":\"rotate(0deg) scale(1) translate(0px, 0px)\",\"x\":0,\"y\":0,\"zoom\":1,\"degree\":0,\"shapes\":null}}','2019-11-07 14:39:46','2019-11-11 01:53:31'),(35,21,35,'project_soggetto42','description','{\"transform_front\":{\"global\":\"rotate(0deg) scale(0.5000000000000001) translate(110px, 0px)\",\"shapes\":{\"drag_1573440858796\":{\"x\":\"-594\",\"y\":\"92\",\"degree\":\"0\",\"h\":\"305\",\"w\":\"305\",\"id_shape\":\"50\",\"morph_type_id\":\"1\",\"linked_to\":null,\"morph_id\":\"50\",\"left\":\"236\",\"top\":\"232.21875\",\"size_shape\":\"305\",\"size_top\":\"929\",\"size_left\":\"1280\"}},\"x\":110,\"y\":0,\"zoom\":0.5000000000000001,\"degree\":0},\"transform_profile\":{\"global\":\"rotate(0deg) scale(1) translate(0px, 0px)\",\"x\":0,\"y\":0,\"zoom\":1,\"degree\":0,\"shapes\":null}}','2019-11-07 14:41:27','2019-11-11 01:54:39'),(36,21,36,'project_soggetto43','description','{\"transform_front\":{\"global\":\"rotate(0deg) scale(0.7000000000000001) translate(130px, -40px)\",\"shapes\":{\"drag_1573440955741\":{\"x\":\"-612\",\"y\":\"23\",\"degree\":\"0\",\"h\":\"361\",\"w\":\"361\",\"id_shape\":\"42\",\"morph_type_id\":\"1\",\"linked_to\":null,\"morph_id\":\"42\",\"left\":\"218\",\"top\":\"163.21875\",\"size_shape\":\"361\",\"size_top\":\"897\",\"size_left\":\"1280\"}},\"x\":130,\"y\":-40,\"zoom\":0.7000000000000001,\"degree\":0},\"transform_profile\":{\"global\":\"rotate(0deg) scale(1) translate(0px, 0px)\",\"x\":0,\"y\":0,\"zoom\":1,\"degree\":0,\"shapes\":null}}','2019-11-07 14:41:59','2019-11-11 01:56:11'),(37,21,37,'project_soggetto45','description','{\"transform_front\":{\"global\":\"rotate(0deg) scale(0.40000000000000013) translate(0px, 0px)\",\"shapes\":{\"drag_1573441033236\":{\"x\":\"-584\",\"y\":\"147\",\"degree\":\"0\",\"h\":\"330\",\"w\":\"330\",\"id_shape\":\"46\",\"morph_type_id\":\"1\",\"linked_to\":null,\"morph_id\":\"46\",\"left\":\"246\",\"top\":\"287.21875\",\"size_shape\":\"330\",\"size_top\":\"1085\",\"size_left\":\"1280\"}},\"x\":0,\"y\":0,\"zoom\":0.40000000000000013,\"degree\":0},\"transform_profile\":{\"global\":\"rotate(0deg) scale(1) translate(0px, 0px)\",\"x\":0,\"y\":0,\"zoom\":1,\"degree\":0,\"shapes\":null}}','2019-11-07 14:43:16','2019-11-11 01:57:44'),(38,21,38,'project_soggetto46','description','{\"transform_front\":{\"global\":\"rotate(0deg) scale(0.9) translate(220px, 0px)\",\"shapes\":{\"drag_1573441125084\":{\"x\":\"-576\",\"y\":\"-29\",\"degree\":\"0\",\"h\":\"314\",\"w\":\"314\",\"id_shape\":\"40\",\"morph_type_id\":\"1\",\"linked_to\":null,\"morph_id\":\"40\",\"left\":\"254\",\"top\":\"111.21875\",\"size_shape\":\"314\",\"size_top\":\"757\",\"size_left\":\"1280\"}},\"x\":220,\"y\":0,\"zoom\":0.9,\"degree\":0},\"transform_profile\":{\"global\":\"rotate(0deg) scale(1) translate(0px, 0px)\",\"x\":0,\"y\":0,\"zoom\":1,\"degree\":0,\"shapes\":null}}','2019-11-07 14:44:39','2019-11-11 01:59:33'),(39,21,39,'project_soggetto48','description','{\"transform_front\":{\"global\":\"rotate(0deg) scale(0.6000000000000001) translate(150px, -95px)\",\"shapes\":{\"drag_1573441223840\":{\"x\":\"-598\",\"y\":\"1\",\"degree\":\"0\",\"h\":\"348\",\"w\":\"348\",\"id_shape\":\"50\",\"morph_type_id\":\"1\",\"linked_to\":null,\"morph_id\":\"50\",\"left\":\"232\",\"top\":\"141.21875\",\"size_shape\":\"348\",\"size_top\":\"884\",\"size_left\":\"1280\"}},\"x\":150,\"y\":-95,\"zoom\":0.6000000000000001,\"degree\":0},\"transform_profile\":{\"global\":\"rotate(0deg) scale(1) translate(0px, 0px)\",\"x\":0,\"y\":0,\"zoom\":1,\"degree\":0,\"shapes\":null}}','2019-11-07 14:45:05','2019-11-11 02:00:46'),(40,21,40,'project_soggetto49','description','{\"transform_front\":{\"global\":\"rotate(0deg) scale(1.8000000000000007) translate(180px, 50px)\",\"shapes\":{\"drag_1573441510573\":{\"x\":\"-481\",\"y\":\"17\",\"degree\":\"0\",\"h\":\"176\",\"w\":\"176\",\"id_shape\":\"40\",\"morph_type_id\":\"1\",\"linked_to\":null,\"morph_id\":\"40\",\"left\":\"349\",\"top\":\"157.21875\",\"size_shape\":\"176\",\"size_top\":\"757\",\"size_left\":\"1280\"}},\"x\":180,\"y\":50,\"zoom\":1.8000000000000007,\"degree\":0},\"transform_profile\":{\"global\":\"rotate(0deg) scale(1) translate(0px, 0px)\",\"x\":0,\"y\":0,\"zoom\":1,\"degree\":0,\"shapes\":null}}','2019-11-07 14:46:18','2019-11-11 02:05:26'),(41,21,41,'project_soggetto51','description','{\"transform_front\":{\"global\":\"rotate(0deg) scale(0.40000000000000013) translate(0px, -235px)\",\"shapes\":{\"drag_1573441603942\":{\"x\":\"-535\",\"y\":\"105\",\"degree\":\"0\",\"h\":\"324\",\"w\":\"324\",\"id_shape\":\"46\",\"morph_type_id\":\"1\",\"linked_to\":null,\"morph_id\":\"46\",\"left\":\"295\",\"top\":\"245.21875\",\"size_shape\":\"324\",\"size_top\":\"1154\",\"size_left\":\"1280\"}},\"x\":0,\"y\":-235,\"zoom\":0.40000000000000013,\"degree\":0},\"transform_profile\":{\"global\":\"rotate(0deg) scale(1) translate(0px, 0px)\",\"shapes\":null,\"x\":0,\"y\":0,\"zoom\":1,\"degree\":0}}','2019-11-07 14:59:45','2019-11-11 02:07:05'),(42,21,42,'project_soggetto52','description','{\"transform_front\":{\"global\":\"rotate(0deg) scale(0.40000000000000013) translate(0px, 0px)\",\"shapes\":{\"drag_1573441683184\":{\"x\":\"-543\",\"y\":\"201\",\"degree\":\"0\",\"h\":\"323\",\"w\":\"323\",\"id_shape\":\"46\",\"morph_type_id\":\"1\",\"linked_to\":null,\"morph_id\":\"46\",\"left\":\"287\",\"top\":\"341.21875\",\"size_shape\":\"323\",\"size_top\":\"1154\",\"size_left\":\"1280\"}},\"x\":0,\"y\":0,\"zoom\":0.40000000000000013,\"degree\":0},\"transform_profile\":{\"global\":\"rotate(0deg) scale(1) translate(0px, 0px)\",\"x\":0,\"y\":0,\"zoom\":1,\"degree\":0,\"shapes\":null}}','2019-11-07 16:15:02','2019-11-11 02:08:39'),(43,21,43,'project_soggetto53','description','{\"transform_front\":{\"global\":\"rotate(0deg) scale(0.5000000000000001) translate(0px, -110px)\",\"shapes\":{\"drag_1573441781103\":{\"x\":\"-599\",\"y\":\"120\",\"degree\":\"0\",\"h\":\"347\",\"w\":\"347\",\"id_shape\":\"50\",\"morph_type_id\":\"1\",\"linked_to\":null,\"morph_id\":\"50\",\"left\":\"231\",\"top\":\"260.21875\",\"size_shape\":\"347\",\"size_top\":\"1072\",\"size_left\":\"1280\"}},\"x\":0,\"y\":-110,\"zoom\":0.5000000000000001,\"degree\":0},\"transform_profile\":{\"global\":\"rotate(0deg) scale(1) translate(0px, 0px)\",\"x\":0,\"y\":0,\"zoom\":1,\"degree\":0,\"shapes\":null}}','2019-11-07 16:17:35','2019-11-11 02:09:56'),(44,21,44,'project_soggetto57','description','{\"transform_front\":{\"global\":\"rotate(0deg) scale(1) translate(220px, 35px)\",\"shapes\":{\"drag_1573441823845\":{\"x\":\"-550\",\"y\":\"12\",\"degree\":\"0\",\"h\":\"239\",\"w\":\"239\",\"id_shape\":\"49\",\"morph_type_id\":\"1\",\"linked_to\":null,\"morph_id\":\"49\",\"left\":\"280\",\"top\":\"152.21875\",\"size_shape\":\"239\",\"size_top\":\"757\",\"size_left\":\"1280\"}},\"x\":220,\"y\":35,\"zoom\":1,\"degree\":0},\"transform_profile\":{\"global\":\"rotate(0deg) scale(1) translate(0px, 0px)\",\"x\":0,\"y\":0,\"zoom\":1,\"degree\":0,\"shapes\":null}}','2019-11-07 16:20:37','2019-11-11 02:10:40'),(45,21,45,'project_soggetto58','description','{\"transform_front\":{\"global\":\"rotate(0deg) scale(1.7000000000000006) translate(190px, 65px)\",\"shapes\":{\"drag_1573441909917\":{\"x\":\"-469\",\"y\":\"63\",\"degree\":\"0\",\"h\":\"152\",\"w\":\"152\",\"id_shape\":\"41\",\"morph_type_id\":\"1\",\"linked_to\":null,\"morph_id\":\"41\",\"left\":\"361\",\"top\":\"203.21875\",\"size_shape\":\"152\",\"size_top\":\"757\",\"size_left\":\"1280\"}},\"x\":190,\"y\":65,\"zoom\":1.7000000000000006,\"degree\":0},\"transform_profile\":{\"global\":\"rotate(0deg) scale(1) translate(0px, 0px)\",\"x\":0,\"y\":0,\"zoom\":1,\"degree\":0,\"shapes\":null}}','2019-11-07 16:21:10','2019-11-11 02:12:35'),(46,21,46,'project_soggetto59','description','{\"transform_front\":{\"global\":\"rotate(0deg) scale(0.40000000000000013) translate(0px, 0px)\",\"shapes\":{\"drag_1573442028476\":{\"x\":\"-612\",\"y\":\"152\",\"degree\":\"0\",\"h\":\"260\",\"w\":\"260\",\"id_shape\":\"50\",\"morph_type_id\":\"1\",\"linked_to\":null,\"morph_id\":\"50\",\"left\":\"218\",\"top\":\"292.21875\",\"size_shape\":\"260\",\"size_top\":\"971\",\"size_left\":\"1280\"}},\"x\":0,\"y\":0,\"zoom\":0.40000000000000013,\"degree\":0},\"transform_profile\":{\"global\":\"rotate(0deg) scale(1) translate(0px, 0px)\",\"x\":0,\"y\":0,\"zoom\":1,\"degree\":0,\"shapes\":null}}','2019-11-07 16:21:36','2019-11-11 02:14:08'),(47,21,47,'project_soggetto60','description','{\"transform_front\":{\"global\":\"rotate(0deg) scale(0.40000000000000013) translate(0px, -270px)\",\"shapes\":{\"drag_1573442107596\":{\"x\":\"-581\",\"y\":\"70\",\"degree\":\"0\",\"h\":\"326\",\"w\":\"326\",\"id_shape\":\"41\",\"morph_type_id\":\"1\",\"linked_to\":null,\"morph_id\":\"41\",\"left\":\"249\",\"top\":\"210.21875\",\"size_shape\":\"326\",\"size_top\":\"1105\",\"size_left\":\"1280\"}},\"x\":0,\"y\":-270,\"zoom\":0.40000000000000013,\"degree\":0},\"transform_profile\":{\"global\":\"rotate(0deg) scale(1) translate(0px, 0px)\",\"x\":0,\"y\":0,\"zoom\":1,\"degree\":0,\"shapes\":null}}','2019-11-07 16:22:08','2019-11-11 02:15:46'),(48,21,48,'project_soggetto61','description','{\"transform_front\":{\"global\":\"rotate(0deg) scale(0.6000000000000001) translate(215px, -70px)\",\"shapes\":{\"drag_1573442160861\":{\"x\":\"-579\",\"y\":\"-9\",\"degree\":\"0\",\"h\":\"315\",\"w\":\"315\",\"id_shape\":\"40\",\"morph_type_id\":\"1\",\"linked_to\":null,\"morph_id\":\"40\",\"left\":\"251\",\"top\":\"131.21875\",\"size_shape\":\"315\",\"size_top\":\"845\",\"size_left\":\"1280\"}},\"x\":215,\"y\":-70,\"zoom\":0.6000000000000001,\"degree\":0},\"transform_profile\":{\"global\":\"rotate(0deg) scale(1) translate(0px, 0px)\",\"x\":0,\"y\":0,\"zoom\":1,\"degree\":0,\"shapes\":null}}','2019-11-07 16:26:24','2019-11-11 02:16:28'),(49,21,49,'project_soggetto62','description','{\"transform_front\":{\"global\":\"rotate(0deg) scale(1) translate(220px, 0px)\",\"shapes\":{\"drag_1573442209278\":{\"x\":\"-543\",\"y\":\"-16\",\"degree\":\"0\",\"h\":\"309\",\"w\":\"309\",\"id_shape\":\"50\",\"morph_type_id\":\"1\",\"linked_to\":null,\"morph_id\":\"50\",\"left\":\"287\",\"top\":\"124.21875\",\"size_shape\":\"309\",\"size_top\":\"757\",\"size_left\":\"1280\"}},\"x\":220,\"y\":0,\"zoom\":1,\"degree\":0},\"transform_profile\":{\"global\":\"rotate(0deg) scale(1) translate(0px, 0px)\",\"x\":0,\"y\":0,\"zoom\":1,\"degree\":0,\"shapes\":null}}','2019-11-07 16:27:56','2019-11-11 02:17:13'),(50,21,50,'project_soggetto63','description','{\"transform_front\":{\"global\":\"rotate(0deg) scale(0.7000000000000001) translate(210px, 0px)\",\"shapes\":{\"drag_1573442280704\":{\"x\":\"-572\",\"y\":\"15\",\"degree\":\"0\",\"h\":\"306\",\"w\":\"306\",\"id_shape\":\"45\",\"morph_type_id\":\"1\",\"linked_to\":null,\"morph_id\":\"45\",\"left\":\"258\",\"top\":\"155.21875\",\"size_shape\":\"306\",\"size_top\":\"784\",\"size_left\":\"1280\"}},\"x\":210,\"y\":0,\"zoom\":0.7000000000000001,\"degree\":0},\"transform_profile\":{\"global\":\"rotate(0deg) scale(1) translate(0px, 0px)\",\"x\":0,\"y\":0,\"zoom\":1,\"degree\":0,\"shapes\":null}}','2019-11-07 16:29:26','2019-11-11 02:18:24'),(51,21,51,'project_soggetto64','description','{\"transform_front\":{\"global\":\"rotate(0deg) scale(0.8) translate(180px, 0px)\",\"shapes\":{\"drag_1573442320612\":{\"x\":\"-579\",\"y\":\"11\",\"degree\":\"0\",\"h\":\"336\",\"w\":\"336\",\"id_shape\":\"46\",\"morph_type_id\":\"1\",\"linked_to\":null,\"morph_id\":\"46\",\"left\":\"251\",\"top\":\"151.21875\",\"size_shape\":\"336\",\"size_top\":\"795\",\"size_left\":\"1280\"}},\"x\":180,\"y\":0,\"zoom\":0.8,\"degree\":0},\"transform_profile\":{\"global\":\"rotate(0deg) scale(1) translate(0px, 0px)\",\"x\":0,\"y\":0,\"zoom\":1,\"degree\":0,\"shapes\":null}}','2019-11-07 16:30:52','2019-11-11 02:19:12'),(52,21,52,'project_soggetto67','description','{\"transform_front\":{\"global\":\"rotate(0deg) scale(0.5000000000000001) translate(0px, 0px)\",\"shapes\":{\"drag_1573442364497\":{\"x\":\"-622\",\"y\":\"116\",\"degree\":\"0\",\"h\":\"275\",\"w\":\"275\",\"id_shape\":\"43\",\"morph_type_id\":\"1\",\"linked_to\":null,\"morph_id\":\"43\",\"left\":\"208\",\"top\":\"256.21875\",\"size_shape\":\"275\",\"size_top\":\"936\",\"size_left\":\"1280\"}},\"x\":0,\"y\":0,\"zoom\":0.5000000000000001,\"degree\":0},\"transform_profile\":{\"global\":\"rotate(0deg) scale(1) translate(0px, 0px)\",\"x\":0,\"y\":0,\"zoom\":1,\"degree\":0,\"shapes\":null}}','2019-11-07 16:33:28','2019-11-11 02:20:09'),(53,21,53,'project_soggetto68','description','{\"transform_front\":{\"global\":\"rotate(0deg) scale(1.9000000000000008) translate(185px, 55px)\",\"shapes\":{\"drag_1573442440038\":{\"x\":\"-463\",\"y\":\"25\",\"degree\":\"0\",\"h\":\"184\",\"w\":\"184\",\"id_shape\":\"40\",\"morph_type_id\":\"1\",\"linked_to\":null,\"morph_id\":\"40\",\"left\":\"367\",\"top\":\"165.21875\",\"size_shape\":\"184\",\"size_top\":\"757\",\"size_left\":\"1280\"}},\"x\":185,\"y\":55,\"zoom\":1.9000000000000008,\"degree\":0},\"transform_profile\":{\"global\":\"rotate(0deg) scale(1) translate(0px, 0px)\",\"x\":0,\"y\":0,\"zoom\":1,\"degree\":0,\"shapes\":null}}','2019-11-07 16:33:59','2019-11-11 02:20:55'),(54,21,54,'project_soggetto69','description','{\"transform_front\":{\"global\":\"rotate(0deg) scale(0.40000000000000013) translate(0px, -345px)\",\"shapes\":{\"drag_1573442497496\":{\"x\":\"-581\",\"y\":\"3\",\"degree\":\"0\",\"h\":\"305\",\"w\":\"305\",\"id_shape\":\"46\",\"morph_type_id\":\"1\",\"linked_to\":null,\"morph_id\":\"46\",\"left\":\"249\",\"top\":\"143.21875\",\"size_shape\":\"305\",\"size_top\":\"1050\",\"size_left\":\"1280\"}},\"x\":0,\"y\":-345,\"zoom\":0.40000000000000013,\"degree\":0},\"transform_profile\":{\"global\":\"rotate(0deg) scale(1) translate(0px, 0px)\",\"x\":0,\"y\":0,\"zoom\":1,\"degree\":0,\"shapes\":null}}','2019-11-07 16:34:21','2019-11-11 02:21:51'),(55,21,55,'project_soggetto71','description','{\"transform_front\":{\"global\":\"rotate(0deg) scale(0.40000000000000013) translate(0px, -340px)\",\"shapes\":{\"drag_1573442550074\":{\"x\":\"-585\",\"y\":\"39\",\"degree\":\"0\",\"h\":\"358\",\"w\":\"358\",\"id_shape\":\"40\",\"morph_type_id\":\"1\",\"linked_to\":null,\"morph_id\":\"40\",\"left\":\"245\",\"top\":\"179.21875\",\"size_shape\":\"358\",\"size_top\":\"1154\",\"size_left\":\"1280\"}},\"x\":0,\"y\":-340,\"zoom\":0.40000000000000013,\"degree\":0},\"transform_profile\":{\"global\":\"rotate(0deg) scale(1) translate(0px, 0px)\",\"x\":0,\"y\":0,\"zoom\":1,\"degree\":0,\"shapes\":null}}','2019-11-07 16:38:40','2019-11-11 02:22:55'),(56,21,56,'project_soggetto73','description','{\"transform_front\":{\"global\":\"rotate(0deg) scale(2.4000000000000012) translate(130px, 60px)\",\"shapes\":{\"drag_1573442588911\":{\"x\":\"-514\",\"y\":\"74\",\"degree\":\"0\",\"h\":\"229\",\"w\":\"229\",\"id_shape\":\"50\",\"morph_type_id\":\"1\",\"linked_to\":null,\"morph_id\":\"50\",\"left\":\"316\",\"top\":\"214.21875\",\"size_shape\":\"229\",\"size_top\":\"757\",\"size_left\":\"1280\"}},\"x\":130,\"y\":60,\"zoom\":2.4000000000000012,\"degree\":0},\"transform_profile\":{\"global\":\"rotate(0deg) scale(1) translate(0px, 0px)\",\"x\":0,\"y\":0,\"zoom\":1,\"degree\":0,\"shapes\":null}}','2019-11-07 16:40:18','2019-11-11 02:23:19'),(57,21,57,'project_soggetto74','description','{\"transform_front\":{\"global\":\"rotate(0deg) scale(0.6000000000000001) translate(140px, 0px)\",\"shapes\":{\"drag_1573442617974\":{\"x\":\"-583\",\"y\":\"62\",\"degree\":\"0\",\"h\":\"322\",\"w\":\"322\",\"id_shape\":\"46\",\"morph_type_id\":\"1\",\"linked_to\":null,\"morph_id\":\"46\",\"left\":\"247\",\"top\":\"202.21875\",\"size_shape\":\"322\",\"size_top\":\"897\",\"size_left\":\"1280\"}},\"x\":140,\"y\":0,\"zoom\":0.6000000000000001,\"degree\":0},\"transform_profile\":{\"global\":\"rotate(0deg) scale(1) translate(0px, 0px)\",\"x\":0,\"y\":0,\"zoom\":1,\"degree\":0,\"shapes\":null}}','2019-11-07 16:43:00','2019-11-11 02:24:00'),(58,21,58,'project_soggetto75','description','{\"transform_front\":{\"global\":\"rotate(0deg) scale(0.5000000000000001) translate(0px, -265px)\",\"shapes\":{\"drag_1573442666746\":{\"x\":\"-601\",\"y\":\"51\",\"degree\":\"0\",\"h\":\"428\",\"w\":\"428\",\"id_shape\":\"41\",\"morph_type_id\":\"1\",\"linked_to\":null,\"morph_id\":\"41\",\"left\":\"229\",\"top\":\"191.21875\",\"size_shape\":\"428\",\"size_top\":\"1154\",\"size_left\":\"1280\"}},\"x\":0,\"y\":-265,\"zoom\":0.5000000000000001,\"degree\":0},\"transform_profile\":{\"global\":\"rotate(0deg) scale(1) translate(0px, 0px)\",\"x\":0,\"y\":0,\"zoom\":1,\"degree\":0,\"shapes\":null}}','2019-11-07 16:43:31','2019-11-11 02:24:55'),(59,21,59,'project_soggetto76','description','{\"transform_front\":{\"global\":\"rotate(0deg) scale(0.6000000000000001) translate(250px, 0px)\",\"shapes\":{\"drag_1573442706839\":{\"x\":\"-508\",\"y\":\"83\",\"degree\":\"0\",\"h\":\"229\",\"w\":\"229\",\"id_shape\":\"46\",\"morph_type_id\":\"1\",\"linked_to\":null,\"morph_id\":\"46\",\"left\":\"322\",\"top\":\"223.21875\",\"size_shape\":\"229\",\"size_top\":\"825\",\"size_left\":\"1280\"}},\"x\":250,\"y\":0,\"zoom\":0.6000000000000001,\"degree\":0},\"transform_profile\":{\"global\":\"rotate(0deg) scale(1) translate(0px, 0px)\",\"x\":0,\"y\":0,\"zoom\":1,\"degree\":0,\"shapes\":null}}','2019-11-07 16:46:41','2019-11-11 02:25:28'),(60,21,60,'project_soggetto77','description','{\"transform_front\":{\"global\":\"rotate(0deg) scale(0.40000000000000013) translate(0px, -395px)\",\"shapes\":{\"drag_1573442762103\":{\"x\":\"-545\",\"y\":\"34\",\"degree\":\"0\",\"h\":\"343\",\"w\":\"343\",\"id_shape\":\"46\",\"morph_type_id\":\"1\",\"linked_to\":null,\"morph_id\":\"46\",\"left\":\"285\",\"top\":\"174.21875\",\"size_shape\":\"343\",\"size_top\":\"1154\",\"size_left\":\"1280\"}},\"x\":0,\"y\":-395,\"zoom\":0.40000000000000013,\"degree\":0},\"transform_profile\":{\"global\":\"rotate(0deg) scale(1) translate(0px, 0px)\",\"x\":0,\"y\":0,\"zoom\":1,\"degree\":0,\"shapes\":null}}','2019-11-07 16:47:54','2019-11-11 02:26:45'),(61,21,61,'project_soggetto80','description','{\"transform_front\":{\"global\":\"rotate(0deg) scale(0.40000000000000013) translate(0px, -325px)\",\"shapes\":{\"drag_1573442841671\":{\"x\":\"-586\",\"y\":\"41\",\"degree\":\"0\",\"h\":\"281\",\"w\":\"281\",\"id_shape\":\"41\",\"morph_type_id\":\"1\",\"linked_to\":null,\"morph_id\":\"41\",\"left\":\"244\",\"top\":\"181.21875\",\"size_shape\":\"281\",\"size_top\":\"1048\",\"size_left\":\"1280\"}},\"x\":0,\"y\":-325,\"zoom\":0.40000000000000013,\"degree\":0},\"transform_profile\":{\"global\":\"rotate(0deg) scale(1) translate(0px, 0px)\",\"x\":0,\"y\":0,\"zoom\":1,\"degree\":0,\"shapes\":null}}','2019-11-07 16:50:15','2019-11-11 02:27:44'),(62,21,62,'project_soggetto82','description','{\"transform_front\":{\"global\":\"rotate(0deg) scale(0.30000000000000016) translate(0px, -590px)\",\"shapes\":{\"drag_1573442900973\":{\"x\":\"-517\",\"y\":\"55\",\"degree\":\"0\",\"h\":\"236\",\"w\":\"236\",\"id_shape\":\"40\",\"morph_type_id\":\"1\",\"linked_to\":null,\"morph_id\":\"40\",\"left\":\"313\",\"top\":\"195.21875\",\"size_shape\":\"236\",\"size_top\":\"1139\",\"size_left\":\"1280\"}},\"x\":0,\"y\":-590,\"zoom\":0.30000000000000016,\"degree\":0},\"transform_profile\":{\"global\":\"rotate(0deg) scale(1) translate(0px, 0px)\",\"x\":0,\"y\":0,\"zoom\":1,\"degree\":0,\"shapes\":null}}','2019-11-07 16:52:56','2019-11-11 02:28:36'),(63,21,63,'project_soggetto83','description','{\"transform_front\":{\"global\":\"rotate(0deg) scale(1) translate(0px, 0px)\",\"shapes\":{\"drag_1573442980435\":{\"x\":\"-786\",\"y\":\"-34\",\"degree\":\"0\",\"h\":\"274\",\"w\":\"274\",\"id_shape\":\"41\",\"morph_type_id\":\"1\",\"linked_to\":null,\"morph_id\":\"41\",\"left\":\"44\",\"top\":\"106.21875\",\"size_shape\":\"274\",\"size_top\":\"757\",\"size_left\":\"1280\"}},\"x\":0,\"y\":0,\"zoom\":1,\"degree\":0},\"transform_profile\":{\"global\":\"rotate(0deg) scale(1) translate(0px, 0px)\",\"x\":0,\"y\":0,\"zoom\":1,\"degree\":0,\"shapes\":null}}','2019-11-07 16:54:21','2019-11-11 02:29:51'),(64,21,64,'project_soggetto84','description','{\"transform_front\":{\"global\":\"rotate(0deg) scale(1) translate(285px, 55px)\",\"shapes\":{\"drag_1573443099847\":{\"x\":\"-491\",\"y\":\"17\",\"degree\":\"0\",\"h\":\"241\",\"w\":\"241\",\"id_shape\":\"41\",\"morph_type_id\":\"1\",\"linked_to\":null,\"morph_id\":\"41\",\"left\":\"339\",\"top\":\"157.21875\",\"size_shape\":\"241\",\"size_top\":\"757\",\"size_left\":\"1280\"}},\"x\":285,\"y\":55,\"zoom\":1,\"degree\":0},\"transform_profile\":{\"global\":\"rotate(0deg) scale(1) translate(0px, 0px)\",\"x\":0,\"y\":0,\"zoom\":1,\"degree\":0,\"shapes\":null}}','2019-11-07 16:54:40','2019-11-11 02:32:13'),(65,21,65,'project_soggetto85','description','{\"transform_front\":{\"global\":\"rotate(0deg) scale(0.6000000000000001) translate(210px, 0px)\",\"shapes\":{\"drag_1573443144187\":{\"x\":\"-560\",\"y\":\"61\",\"degree\":\"0\",\"h\":\"297\",\"w\":\"297\",\"id_shape\":\"50\",\"morph_type_id\":\"1\",\"linked_to\":null,\"morph_id\":\"50\",\"left\":\"270\",\"top\":\"201.21875\",\"size_shape\":\"297\",\"size_top\":\"837\",\"size_left\":\"1280\"}},\"x\":210,\"y\":0,\"zoom\":0.6000000000000001,\"degree\":0},\"transform_profile\":{\"global\":\"rotate(0deg) scale(1) translate(0px, 0px)\",\"x\":0,\"y\":0,\"zoom\":1,\"degree\":0,\"shapes\":null}}','2019-11-07 16:56:55','2019-11-11 02:32:48'),(66,21,66,'project_soggetto86','description','{\"transform_front\":{\"global\":\"rotate(0deg) scale(1) translate(235px, 15px)\",\"shapes\":{\"drag_1573443189916\":{\"x\":\"-537\",\"y\":\"-27\",\"degree\":\"0\",\"h\":\"328\",\"w\":\"328\",\"id_shape\":\"46\",\"morph_type_id\":\"1\",\"linked_to\":null,\"morph_id\":\"46\",\"left\":\"293\",\"top\":\"113.21875\",\"size_shape\":\"328\",\"size_top\":\"757\",\"size_left\":\"1280\"}},\"x\":235,\"y\":15,\"zoom\":1,\"degree\":0},\"transform_profile\":{\"global\":\"rotate(0deg) scale(1) translate(0px, 0px)\",\"x\":0,\"y\":0,\"zoom\":1,\"degree\":0,\"shapes\":null}}','2019-11-07 16:59:30','2019-11-11 02:33:29'),(67,21,67,'project_soggetto87','description','{\"transform_front\":{\"global\":\"rotate(0deg) scale(0.5000000000000001) translate(85px, -200px)\",\"shapes\":{\"drag_1573443251941\":{\"x\":\"-569\",\"y\":\"42\",\"degree\":\"0\",\"h\":\"320\",\"w\":\"320\",\"id_shape\":\"50\",\"morph_type_id\":\"1\",\"linked_to\":null,\"morph_id\":\"50\",\"left\":\"261\",\"top\":\"182.21875\",\"size_shape\":\"320\",\"size_top\":\"1001\",\"size_left\":\"1280\"}},\"x\":85,\"y\":-200,\"zoom\":0.5000000000000001,\"degree\":0},\"transform_profile\":{\"global\":\"rotate(0deg) scale(1) translate(0px, 0px)\",\"x\":0,\"y\":0,\"zoom\":1,\"degree\":0,\"shapes\":null}}','2019-11-07 17:00:18','2019-11-11 02:34:23'),(68,21,68,'project_soggetto88','description','{\"transform_front\":{\"global\":\"rotate(0deg) scale(1) translate(255px, 35px)\",\"shapes\":{\"drag_1573443293614\":{\"x\":\"-509\",\"y\":\"7\",\"degree\":\"0\",\"h\":\"259\",\"w\":\"259\",\"id_shape\":\"50\",\"morph_type_id\":\"1\",\"linked_to\":null,\"morph_id\":\"50\",\"left\":\"321\",\"top\":\"147.21875\",\"size_shape\":\"259\",\"size_top\":\"757\",\"size_left\":\"1280\"}},\"x\":255,\"y\":35,\"zoom\":1,\"degree\":0},\"transform_profile\":{\"global\":\"rotate(0deg) scale(1) translate(0px, 0px)\",\"x\":0,\"y\":0,\"zoom\":1,\"degree\":0,\"shapes\":null}}','2019-11-07 17:02:28','2019-11-11 02:35:05'),(69,21,69,'project_soggetto89','description','{\"transform_front\":{\"global\":\"rotate(0deg) scale(0.5000000000000001) translate(0px, 0px)\",\"shapes\":{\"drag_1573443351191\":{\"x\":\"-663\",\"y\":\"83\",\"degree\":\"0\",\"h\":\"223\",\"w\":\"223\",\"id_shape\":\"45\",\"morph_type_id\":\"1\",\"linked_to\":null,\"morph_id\":\"45\",\"left\":\"167\",\"top\":\"223.21875\",\"size_shape\":\"223\",\"size_top\":\"826\",\"size_left\":\"1280\"}},\"x\":0,\"y\":0,\"zoom\":0.5000000000000001,\"degree\":0},\"transform_profile\":{\"global\":\"rotate(0deg) scale(1) translate(0px, 0px)\",\"x\":0,\"y\":0,\"zoom\":1,\"degree\":0,\"shapes\":null}}','2019-11-07 17:03:15','2019-11-11 02:36:14'),(70,21,70,'project_soggetto90','description','{\"transform_front\":{\"global\":\"rotate(0deg) scale(0.5000000000000001) translate(90px, -170px)\",\"shapes\":{\"drag_1573443387844\":{\"x\":\"-593\",\"y\":\"-15\",\"degree\":\"0\",\"h\":\"353\",\"w\":\"353\",\"id_shape\":\"46\",\"morph_type_id\":\"1\",\"linked_to\":null,\"morph_id\":\"46\",\"left\":\"237\",\"top\":\"125.21875\",\"size_shape\":\"353\",\"size_top\":\"972\",\"size_left\":\"1280\"}},\"x\":90,\"y\":-170,\"zoom\":0.5000000000000001,\"degree\":0},\"transform_profile\":{\"global\":\"rotate(0deg) scale(1) translate(0px, 0px)\",\"x\":0,\"y\":0,\"zoom\":1,\"degree\":0,\"shapes\":null}}','2019-11-07 17:03:50','2019-11-12 18:56:17'),(71,21,71,'project_soggetto91','description','{\"transform_front\":{\"global\":\"rotate(0deg) scale(1) translate(210px, 35px)\",\"shapes\":{\"drag_1573443463245\":{\"x\":\"-551\",\"y\":\"23\",\"degree\":\"0\",\"h\":\"259\",\"w\":\"259\",\"id_shape\":\"50\",\"morph_type_id\":\"1\",\"linked_to\":null,\"morph_id\":\"50\",\"left\":\"279\",\"top\":\"163.21875\",\"size_shape\":\"259\",\"size_top\":\"757\",\"size_left\":\"1280\"}},\"x\":210,\"y\":35,\"zoom\":1,\"degree\":0},\"transform_profile\":{\"global\":\"rotate(0deg) scale(1) translate(0px, 0px)\",\"x\":0,\"y\":0,\"zoom\":1,\"degree\":0,\"shapes\":null}}','2019-11-07 17:08:13','2019-11-11 02:38:16'),(72,21,72,'project_soggetto92','description','{\"transform_front\":{\"global\":\"rotate(0deg) scale(0.5000000000000001) translate(135px, -230px)\",\"shapes\":{\"drag_1573443522326\":{\"x\":\"-589\",\"y\":\"-72\",\"degree\":\"0\",\"h\":\"371\",\"w\":\"371\",\"id_shape\":\"46\",\"morph_type_id\":\"1\",\"linked_to\":null,\"morph_id\":\"46\",\"left\":\"241\",\"top\":\"68.21875\",\"size_shape\":\"371\",\"size_top\":\"959\",\"size_left\":\"1280\"}},\"x\":135,\"y\":-230,\"zoom\":0.5000000000000001,\"degree\":0},\"transform_profile\":{\"global\":\"rotate(0deg) scale(1) translate(0px, 0px)\",\"x\":0,\"y\":0,\"zoom\":1,\"degree\":0,\"shapes\":null}}','2019-11-07 17:10:10','2019-11-11 02:39:06'),(73,21,73,'project_soggetto93','description','{\"transform_front\":{\"global\":\"rotate(0deg) scale(0.40000000000000013) translate(0px, 0px)\",\"shapes\":{\"drag_1573443558734\":{\"x\":\"-595\",\"y\":\"152\",\"degree\":\"0\",\"h\":\"308\",\"w\":\"308\",\"id_shape\":\"51\",\"morph_type_id\":\"1\",\"linked_to\":null,\"morph_id\":\"51\",\"left\":\"235\",\"top\":\"292.21875\",\"size_shape\":\"308\",\"size_top\":\"1033\",\"size_left\":\"1280\"}},\"x\":0,\"y\":0,\"zoom\":0.40000000000000013,\"degree\":0},\"transform_profile\":{\"global\":\"rotate(0deg) scale(1) translate(0px, 0px)\",\"x\":0,\"y\":0,\"zoom\":1,\"degree\":0,\"shapes\":null}}','2019-11-07 17:10:27','2019-11-11 02:40:09'),(74,21,74,'project_soggetto95','description','{\"transform_front\":{\"global\":\"rotate(0deg) scale(0.9) translate(270px, 20px)\",\"shapes\":{\"drag_1573443616282\":{\"x\":\"-556\",\"y\":\"-34\",\"degree\":\"0\",\"h\":\"325\",\"w\":\"325\",\"id_shape\":\"40\",\"morph_type_id\":\"1\",\"linked_to\":null,\"morph_id\":\"40\",\"left\":\"274\",\"top\":\"106.21875\",\"size_shape\":\"325\",\"size_top\":\"757\",\"size_left\":\"1280\"}},\"x\":270,\"y\":20,\"zoom\":0.9,\"degree\":0},\"transform_profile\":{\"global\":\"rotate(0deg) scale(1) translate(0px, 0px)\",\"x\":0,\"y\":0,\"zoom\":1,\"degree\":0,\"shapes\":null}}','2019-11-07 17:10:47','2019-11-11 02:40:36'),(75,21,75,'project_soggetto97','description','{\"transform_front\":{\"global\":\"rotate(0deg) scale(0.6000000000000001) translate(165px, -105px)\",\"shapes\":{\"drag_1573443650621\":{\"x\":\"-622\",\"y\":\"-46\",\"degree\":\"0\",\"h\":\"400\",\"w\":\"400\",\"id_shape\":\"41\",\"morph_type_id\":\"1\",\"linked_to\":null,\"morph_id\":\"41\",\"left\":\"208\",\"top\":\"94.21875\",\"size_shape\":\"400\",\"size_top\":\"894\",\"size_left\":\"1280\"}},\"x\":165,\"y\":-105,\"zoom\":0.6000000000000001,\"degree\":0},\"transform_profile\":{\"global\":\"rotate(0deg) scale(1) translate(0px, 0px)\",\"x\":0,\"y\":0,\"zoom\":1,\"degree\":0,\"shapes\":null}}','2019-11-07 17:12:17','2019-11-11 02:41:17'),(76,21,76,'project_soggetto98','description','{\"transform_front\":{\"global\":\"rotate(0deg) scale(0.8) translate(275px, 0px)\",\"shapes\":{\"drag_1573443761968\":{\"x\":\"-539\",\"y\":\"-4\",\"degree\":\"0\",\"h\":\"308\",\"w\":\"308\",\"id_shape\":\"41\",\"morph_type_id\":\"1\",\"linked_to\":null,\"morph_id\":\"41\",\"left\":\"291\",\"top\":\"136.21875\",\"size_shape\":\"308\",\"size_top\":\"757\",\"size_left\":\"1280\"}},\"x\":275,\"y\":0,\"zoom\":0.8,\"degree\":0},\"transform_profile\":{\"global\":\"rotate(0deg) scale(1) translate(0px, 0px)\",\"x\":0,\"y\":0,\"zoom\":1,\"degree\":0,\"shapes\":null}}','2019-11-07 17:12:38','2019-11-11 02:42:55'),(77,21,77,'project_soggetto99','description','{\"transform_front\":{\"global\":\"rotate(0deg) scale(1) translate(205px, 20px)\",\"shapes\":{\"drag_1573443822444\":{\"x\":\"-566\",\"y\":\"-7\",\"degree\":\"0\",\"h\":\"300\",\"w\":\"300\",\"id_shape\":\"45\",\"morph_type_id\":\"1\",\"linked_to\":null,\"morph_id\":\"45\",\"left\":\"264\",\"top\":\"133.21875\",\"size_shape\":\"300\",\"size_top\":\"757\",\"size_left\":\"1280\"}},\"x\":205,\"y\":20,\"zoom\":1,\"degree\":0},\"transform_profile\":{\"global\":\"rotate(0deg) scale(1) translate(0px, 0px)\",\"x\":0,\"y\":0,\"zoom\":1,\"degree\":0,\"shapes\":null}}','2019-11-07 17:12:38','2019-11-11 02:43:56');
/*!40000 ALTER TABLE `project` ENABLE KEYS */;
UNLOCK TABLES;
DROP TABLE IF EXISTS `subject`;
/*!40101 SET @saved_cs_client     = @@character_set_client */;
/*!40101 SET character_set_client = utf8 */;
CREATE TABLE `subject` (
  `id` int(10) unsigned NOT NULL AUTO_INCREMENT,
  `name` char(100) COLLATE utf8mb4_unicode_ci NOT NULL,
  `surname` char(100) COLLATE utf8mb4_unicode_ci NOT NULL,
  `age` int(11) NOT NULL,
  `path_image_front` char(200) COLLATE utf8mb4_unicode_ci DEFAULT NULL,
  `path_image_profile` char(200) COLLATE utf8mb4_unicode_ci DEFAULT NULL,
  `created_at` timestamp NULL DEFAULT NULL,
  `updated_at` timestamp NULL DEFAULT NULL,
  PRIMARY KEY (`id`)
) ENGINE=InnoDB AUTO_INCREMENT=78 DEFAULT CHARSET=utf8mb4 COLLATE=utf8mb4_unicode_ci;
/*!40101 SET character_set_client = @saved_cs_client */;

LOCK TABLES `subject` WRITE;
/*!40000 ALTER TABLE `subject` DISABLE KEYS */;
INSERT INTO `subject` VALUES (1,'name_soggetto1','surname_soggetto1',20,'http://localhost:8888/tesi_face_traits/storage/app/public/photos/urBTYxARCLEApMYIj9O8WbCv5Zo1y6ecrulaU0yN.jpeg',NULL,'2019-11-07 12:30:08','2019-11-07 13:03:27'),(2,'name_soggetto3','surname_soggetto3',20,'http://localhost:8888/tesi_face_traits/storage/app/public/photos/z9TbQjzchIMA7Aj8dhUv7ya29lKEXsVgZ1Qli7Z2.jpeg',NULL,'2019-11-07 12:31:31','2019-11-07 13:12:04'),(3,'name_soggetto4','surname_soggetto4',20,'http://localhost:8888/tesi_face_traits/storage/app/public/photos/gf16FIw229fPM4T3I2xolwaxjN4asmgtk4XQ73hv.jpeg',NULL,'2019-11-07 12:32:06','2019-11-07 13:37:33'),(4,'name_soggetto5','surname_soggetto5',20,'http://localhost:8888/tesi_face_traits/storage/app/public/photos/Su7KU9iObCCOKO6dxFKJrBxuK825RWiGJtMPLyK3.jpeg',NULL,'2019-11-07 12:33:03','2019-11-07 13:38:36'),(5,'name_soggetto6','surname_soggetto6',20,'http://localhost:8888/tesi_face_traits/storage/app/public/photos/AjMnHZ3OF7Os8OgW1Mw99I4owj1y5veOYUnylSx1.jpeg',NULL,'2019-11-07 12:33:42','2019-11-07 13:40:31'),(6,'name_soggetto7','surname_soggetto7',20,'http://localhost:8888/tesi_face_traits/storage/app/public/photos/LRcpcqEXkzeFHaQKnPQ3f28BaNbSsThVg3YygQox.jpeg',NULL,'2019-11-07 12:34:16','2019-11-07 13:41:35'),(7,'name_soggetto8','surname_soggetto8',20,'http://localhost:8888/tesi_face_traits/storage/app/public/photos/Pj0MQp2qeZRdFVAfsvGutvy3JZyk2HE8YYtINwa5.jpeg',NULL,'2019-11-07 12:34:42','2019-11-07 13:43:39'),(8,'name_soggetto9','surname_soggetto9',20,'http://localhost:8888/tesi_face_traits/storage/app/public/photos/V2ZR4hTMkim7NeAThU3yTZZ4hMTzfOB9HshYbS9H.jpeg',NULL,'2019-11-07 12:35:11','2019-11-07 13:44:52'),(9,'name_soggetto11','surname_soggetto11',20,'http://localhost:8888/tesi_face_traits/storage/app/public/photos/S2qSJzdv3mLDKwyFvTwlywaf0iiL8Cs4A16XtoXS.jpeg',NULL,'2019-11-07 12:35:45','2019-11-07 13:47:25'),(10,'name_soggetto12','surname_soggetto12',20,'http://localhost:8888/tesi_face_traits/storage/app/public/photos/2p5R03PyRzyY1LFFOLxlCJxsKva9s0SqHh6UPtK7.jpeg',NULL,'2019-11-07 12:36:19','2019-11-07 13:48:09'),(11,'name_soggetto13','surname_soggetto13',20,'http://localhost:8888/tesi_face_traits/storage/app/public/photos/MOfoxeuLuXFeWH257cs3bZyEdJdL8h2r1mIBsiLX.jpeg',NULL,'2019-11-07 13:49:03','2019-11-07 13:53:48'),(12,'name_soggetto14','surname_soggetto14',20,'http://localhost:8888/tesi_face_traits/storage/app/public/photos/i5Rl0EdDJ3TVm3jwgCRrrVWx15Lk5xt3IqGfNEjW.jpeg',NULL,'2019-11-07 13:49:31','2019-11-07 13:54:39'),(13,'name_soggetto15','surname_soggetto15',20,'http://localhost:8888/tesi_face_traits/storage/app/public/photos/Ku4TnVJ7OJYAh6bgYKYInqH597Qd5sjmW7O4qONK.jpeg',NULL,'2019-11-07 13:50:04','2019-11-07 13:55:10'),(14,'name_soggetto16','surname_soggetto16',20,'http://localhost:8888/tesi_face_traits/storage/app/public/photos/FPhZpcIvLRzJ3LH38pjVKbEEEzwJDQc4mq3F5maP.jpeg',NULL,'2019-11-07 13:50:33','2019-11-07 13:56:29'),(15,'name_soggetto17','surname_soggetto17',20,'http://localhost:8888/tesi_face_traits/storage/app/public/photos/yw2ODT2GbT2JGsbQdyh7ogVAVhQkVBN2VwFhgMjG.jpeg',NULL,'2019-11-07 13:51:17','2019-11-07 13:57:37'),(16,'name_soggetto18','surname_soggetto18',20,'http://localhost:8888/tesi_face_traits/storage/app/public/photos/YZ89Dh4ftXQz71uxs23CqulJdmN46c2BkMcnoE7y.jpeg',NULL,'2019-11-07 13:51:42','2019-11-07 13:59:59'),(17,'name_soggetto19','surname_soggetto19',20,'http://localhost:8888/tesi_face_traits/storage/app/public/photos/GJRKNjsRvhMMTT5eX2mRgPq5VMZTzHRuhxBWdsKj.jpeg',NULL,'2019-11-07 13:52:16','2019-11-07 14:00:56'),(18,'name_soggetto20','surname_soggetto20',20,'http://localhost:8888/tesi_face_traits/storage/app/public/photos/Ct9K3bsIITnzZpLyDqEMUYqIVibn4lJCu3WXK9RB.jpeg',NULL,'2019-11-07 13:52:37','2019-11-07 14:01:59'),(19,'name_soggetto21','surname_soggetto21',20,'http://localhost:8888/tesi_face_traits/storage/app/public/photos/eDAPYIVH362FYfpG7nytpBLZ8JQhv38i4bJbvylS.jpeg',NULL,'2019-11-07 14:03:25','2019-11-07 14:05:05'),(20,'name_soggetto22','surname_soggetto22',20,'http://localhost:8888/tesi_face_traits/storage/app/public/photos/rpbMbdUnM20bhvbfNLiXbVkC7w8FfuUFTeJ1kd62.jpeg',NULL,'2019-11-07 14:03:46','2019-11-07 14:06:35'),(21,'name_soggetto24','surname_soggetto24',20,'http://localhost:8888/tesi_face_traits/storage/app/public/photos/UmYG1qmLDEs52cAPp26TgV4uauQHkILiNc1hVMWU.jpeg',NULL,'2019-11-07 14:09:13','2019-11-07 14:18:31'),(22,'name_soggetto25','surname_soggetto25',20,'http://localhost:8888/tesi_face_traits/storage/app/public/photos/o2Cgs4DmZTydxij72IizupT6d38ijKHsM1yFOreF.jpeg',NULL,'2019-11-07 14:09:42','2019-11-07 14:19:51'),(23,'name_soggetto26','surname_soggetto26',20,'http://localhost:8888/tesi_face_traits/storage/app/public/photos/0mOMVe6RiemLgkLXwZLNpYIZs5H3rT8lkxRUAZd0.jpeg',NULL,'2019-11-07 14:10:15','2019-11-07 14:20:40'),(24,'name_soggetto28','surname_soggetto28',20,'http://localhost:8888/tesi_face_traits/storage/app/public/photos/hXuWFA78wHdLgumadI3XdDWEBXJDRtDqBCEor7md.jpeg',NULL,'2019-11-07 14:10:42','2019-11-07 14:21:52'),(25,'name_soggetto30','surname_soggetto30',20,'http://localhost:8888/tesi_face_traits/storage/app/public/photos/0At6l2YKgHr3pDcpwDxCxDlXjiBZL1Z3tF4UbA2y.jpeg',NULL,'2019-11-07 14:11:17','2019-11-07 14:22:21'),(26,'name_soggetto31','surname_soggetto31',20,'http://localhost:8888/tesi_face_traits/storage/app/public/photos/lYBQ2J3ZzIWbnpDsuBvS3UyooBkaEOgtQhlB2kvR.jpeg',NULL,'2019-11-07 14:11:50','2019-11-07 14:24:47'),(27,'name_soggetto32','surname_soggetto32',20,'http://localhost:8888/tesi_face_traits/storage/app/public/photos/GT6LBVIQz2x5xkLZX66QidI9vuwe7PYZOg7TTUeZ.jpeg',NULL,'2019-11-07 14:26:19','2019-11-07 14:27:42'),(28,'name_soggetto33','surname_soggetto33',20,'http://localhost:8888/tesi_face_traits/storage/app/public/photos/6yhkPFwFL2Hb5M7Eo4uTPnsdNYkFOrmRSDo33vIe.jpeg',NULL,'2019-11-07 14:26:53','2019-11-07 14:28:36'),(29,'name_soggetto36','surname_soggetto36',20,'http://localhost:8888/tesi_face_traits/storage/app/public/photos/84xl3TGnL62FtWcIuyLNWvaReLWmnekba9sODDfx.jpeg',NULL,'2019-11-07 14:30:03','2019-11-07 14:30:18'),(30,'name_soggetto37','surname_soggetto37',20,'http://localhost:8888/tesi_face_traits/storage/app/public/photos/V6auiV5eR1zS8ViWZFrZtb2VgSxs7ZcXMRk6LZS1.jpeg',NULL,'2019-11-07 14:31:09','2019-11-07 14:31:46'),(31,'name_soggetto38','surname_soggetto38',20,'http://localhost:8888/tesi_face_traits/storage/app/public/photos/utjFvTCIjxXfHkts1N9CisRL0MNprufV2vV1tbK1.jpeg',NULL,'2019-11-07 14:33:19','2019-11-07 14:33:48'),(32,'name_soggetto39','surname_soggetto39',20,'http://localhost:8888/tesi_face_traits/storage/app/public/photos/7bC2Uw4D5B0hUo4lCpZVrRtnmS1a0sUDFnRPtUZj.jpeg',NULL,'2019-11-07 14:34:16','2019-11-07 15:29:45'),(33,'name_soggetto40','surname_soggetto40',20,'http://localhost:8888/tesi_face_traits/storage/app/public/photos/KkbyhAOsqVl5s6lju6DKYHWMCkO0cEhFmS52JkXj.jpeg',NULL,'2019-11-07 14:34:38','2019-11-07 14:38:26'),(34,'name_soggetto41','surname_soggetto41',20,'http://localhost:8888/tesi_face_traits/storage/app/public/photos/dLbMeBGZEjEBiV5xyrIdv2DaJVqynzYLCdlviHzJ.jpeg',NULL,'2019-11-07 14:39:46','2019-11-07 14:40:05'),(35,'name_soggetto42','surname_soggetto42',20,'http://localhost:8888/tesi_face_traits/storage/app/public/photos/BtDWeT2bfTfmMMc6qIGdRQt7f0yd2jWOY188dpUa.jpeg',NULL,'2019-11-07 14:41:27','2019-11-07 16:07:34'),(36,'name_soggetto43','surname_soggetto43',20,'http://localhost:8888/tesi_face_traits/storage/app/public/photos/K4i3iL7IiRva86i4OWCxByKdsxjjJP7uwzvXWBBa.jpeg',NULL,'2019-11-07 14:41:59','2019-11-07 16:08:34'),(37,'name_soggetto45','surname_soggetto45',20,'http://localhost:8888/tesi_face_traits/storage/app/public/photos/CfqIm6yKyje14qdclweTJizrj89G0SxiIV0jmP5r.jpeg',NULL,'2019-11-07 14:43:16','2019-11-07 16:09:54'),(38,'name_soggetto46','surname_soggetto46',20,'http://localhost:8888/tesi_face_traits/storage/app/public/photos/5ye6pjPegD7XvgKiATllyqDtlGlKGm9gyUs3qG8h.jpeg',NULL,'2019-11-07 14:44:39','2019-11-07 16:10:54'),(39,'name_soggetto48','surname_soggetto48',20,'http://localhost:8888/tesi_face_traits/storage/app/public/photos/eCVejRcZ5992cwRtJ59Jmq88Os0lDNTHqJktwo5B.jpeg',NULL,'2019-11-07 14:45:05','2019-11-07 16:11:47'),(40,'name_soggetto49','surname_soggetto49',20,'http://localhost:8888/tesi_face_traits/storage/app/public/photos/dQzEpFUkgf901BcmckvvmpvVNeThIOyoSqMiQAfl.jpeg',NULL,'2019-11-07 14:46:18','2019-11-07 16:12:10'),(41,'name_soggetto51','surname_soggetto51',20,'http://localhost:8888/tesi_face_traits/storage/app/public/photos/gfyQnTPcZBf73oUVQXDn8PZVH89t1NOAk6HAT6af.jpeg',NULL,'2019-11-07 14:59:45','2019-11-07 15:03:37'),(42,'name_soggetto52','surname_soggetto52',20,'http://localhost:8888/tesi_face_traits/storage/app/public/photos/rky1cWRT5xyb4rKAUGzIW43xnnRi6tyRRUCvHvHv.jpeg',NULL,'2019-11-07 16:15:02','2019-11-07 16:15:29'),(43,'name_soggetto53','surname_soggetto53',20,'http://localhost:8888/tesi_face_traits/storage/app/public/photos/NvjlsUxJVTMCKvNfaVjtAMxP0WreBXcf3DM1gYDj.jpeg',NULL,'2019-11-07 16:17:35','2019-11-07 16:19:01'),(44,'name_soggetto57','surname_soggetto57',20,'http://localhost:8888/tesi_face_traits/storage/app/public/photos/BYAJSA9X2KxyPMMAlLeuPWL97Sx8Pih1TwRUX6zC.jpeg',NULL,'2019-11-07 16:20:37','2019-11-07 16:22:34'),(45,'name_soggetto58','surname_soggetto58',20,'http://localhost:8888/tesi_face_traits/storage/app/public/photos/HfKNfa8XHG5VJpHXNgg50EYHdCCogCAQgvG4Wh0Y.jpeg',NULL,'2019-11-07 16:21:10','2019-11-07 16:23:08'),(46,'name_soggetto59','surname_soggetto59',20,'http://localhost:8888/tesi_face_traits/storage/app/public/photos/prl73BQGIaB5LI81oH3vSKgGfPRnUNzS5XkvnBzi.jpeg',NULL,'2019-11-07 16:21:36','2019-11-07 16:23:32'),(47,'name_soggetto60','surname_soggetto60',20,'http://localhost:8888/tesi_face_traits/storage/app/public/photos/h3zLjPMuCkIfIxtkXjW3bz6SbhD26xcm8uqQHtG1.jpeg',NULL,'2019-11-07 16:22:08','2019-11-07 16:24:36'),(48,'name_soggetto61','surname_soggetto61',20,'http://localhost:8888/tesi_face_traits/storage/app/public/photos/nNXARFiWIaclq4KF0HPP2Fpb3re2XwJn3nUIvLma.jpeg',NULL,'2019-11-07 16:26:24','2019-11-07 16:26:50'),(49,'name_soggetto62','surname_soggetto60',20,'http://localhost:8888/tesi_face_traits/storage/app/public/photos/0BP5JJMO8YdeUpr7UQnpGIrguTH9TEA5fnFGuLDI.jpeg',NULL,'2019-11-07 16:27:56','2019-11-07 16:28:27'),(50,'name_soggetto63','surname_soggetto63',20,'http://localhost:8888/tesi_face_traits/storage/app/public/photos/Nwslcj6wDKUDhrfZWMcodkTa53CRs8lbnqjo1Zh4.jpeg',NULL,'2019-11-07 16:29:26','2019-11-07 16:29:54'),(51,'name_soggetto64','surname_soggetto64',20,'http://localhost:8888/tesi_face_traits/storage/app/public/photos/kjYJtZxLyNYQajQOVKF6l0MMNXqgkUt6fnD1pyv2.jpeg',NULL,'2019-11-07 16:30:52','2019-11-07 16:31:09'),(52,'name_soggetto67','surname_soggetto67',20,'http://localhost:8888/tesi_face_traits/storage/app/public/photos/XBK1owTb01WIbXQxf7i9zqqfCJm4OoYlAFdWgAx6.jpeg',NULL,'2019-11-07 16:33:28','2019-11-07 16:34:49'),(53,'name_soggetto68','surname_soggetto68',20,'http://localhost:8888/tesi_face_traits/storage/app/public/photos/KPPXcy5YMMhxYotuou8vlUAYm6W3v6c3TN2ISaoy.jpeg',NULL,'2019-11-07 16:33:59','2019-11-07 16:36:05'),(54,'name_soggetto69','surname_soggetto69',20,'http://localhost:8888/tesi_face_traits/storage/app/public/photos/udUebyZ1xirnLixZnMnaklewxVhCbTrqa38JiQxM.jpeg',NULL,'2019-11-07 16:34:21','2019-11-07 16:37:12'),(55,'name_soggetto71','surname_soggetto71',20,'http://localhost:8888/tesi_face_traits/storage/app/public/photos/hKMXFqcchJF99bEwjKXDJN3ry0xup6gu08BC7EW7.jpeg',NULL,'2019-11-07 16:38:40','2019-11-07 16:41:00'),(56,'name_soggetto73','surname_soggetto73',20,'http://localhost:8888/tesi_face_traits/storage/app/public/photos/QjskUeQHcsDQlA93xgIJ6xFiO6tcSyEnfHGyuxup.jpeg',NULL,'2019-11-07 16:40:18','2019-11-07 16:41:37'),(57,'name_soggetto74','surname_soggetto74',20,'http://localhost:8888/tesi_face_traits/storage/app/public/photos/yAXdWnz0S3UuVE9ahEz7UOkw85cKFr5b6gf7jkW0.jpeg',NULL,'2019-11-07 16:43:00','2019-11-07 16:44:21'),(58,'name_soggetto75','surname_soggetto75',20,'http://localhost:8888/tesi_face_traits/storage/app/public/photos/MXwy7KzcTgY83CJrvqQmzVCgEmnrCLP2Po3znPQE.jpeg',NULL,'2019-11-07 16:43:31','2019-11-07 16:45:30'),(59,'name_soggetto76','surname_soggetto76',20,'http://localhost:8888/tesi_face_traits/storage/app/public/photos/vyPmSO3Stkt0nbHSdyVqJsWMwyJ95DJnX0R82i3J.jpeg',NULL,'2019-11-07 16:46:41','2019-11-07 16:47:08'),(60,'name_soggetto77','surname_soggetto77',20,'http://localhost:8888/tesi_face_traits/storage/app/public/photos/uAm7c5hoMr8iLv7D2rrLlKiDT73tMhXABsmQYggA.jpeg',NULL,'2019-11-07 16:47:54','2019-11-07 16:48:29'),(61,'name_soggetto80','surname_soggetto80',20,'http://localhost:8888/tesi_face_traits/storage/app/public/photos/lyP5QQ832cwf1i0Yz9NFf8T5lZHJ17PfZvPv8wZg.jpeg',NULL,'2019-11-07 16:50:15','2019-11-07 16:50:40'),(62,'name_soggetto82','surname_soggetto82',20,'http://localhost:8888/tesi_face_traits/storage/app/public/photos/dRP1qeOD7MaB3NdV6LQqr6LDf7WnFNkHE4VaJ1T9.jpeg',NULL,'2019-11-07 16:52:56','2019-11-07 16:53:41'),(63,'name_soggetto83','surname_soggetto83',20,'http://localhost:8888/tesi_face_traits/storage/app/public/photos/C88TXeeRsh2e7dOYYYU9B1BKklYPZkjT95U0S7Cu.jpeg',NULL,'2019-11-07 16:54:21','2019-11-07 16:55:07'),(64,'name_soggetto84','surname_soggetto84',20,'http://localhost:8888/tesi_face_traits/storage/app/public/photos/6GVwnEG2Gg3guunLFaQgHxDguPmsq7X7axl8BUcU.jpeg',NULL,'2019-11-07 16:54:40','2019-11-07 16:55:54'),(65,'name_soggetto85','surname_soggetto85',20,'http://localhost:8888/tesi_face_traits/storage/app/public/photos/YIzNu2KX5Cg4nzCuR2MG2MiZ3Ybs4ic8hckQYmyx.jpeg',NULL,'2019-11-07 16:56:55','2019-11-07 16:57:20'),(66,'name_soggetto86','surname_soggetto86',20,'http://localhost:8888/tesi_face_traits/storage/app/public/photos/jTFxF5bYKwq8U9C7gTmWjQSZhIvTEQvZUwEdfOpj.jpeg',NULL,'2019-11-07 16:59:30','2019-11-07 16:59:53'),(67,'name_soggetto87','surname_soggetto87',20,'http://localhost:8888/tesi_face_traits/storage/app/public/photos/AemCygiJN5txYgSYIN9CTUFOyQpB7grUxUxsJqYj.jpeg',NULL,'2019-11-07 17:00:18','2019-11-07 17:01:32'),(68,'name_soggetto88','surname_soggetto88',20,'http://localhost:8888/tesi_face_traits/storage/app/public/photos/iZTDfvNfkbmWf3u9rPaHuZsLitFg7zhlrSR9v8A3.jpeg',NULL,'2019-11-07 17:02:28','2019-11-07 17:02:51'),(69,'name_soggetto89','surname_soggetto89',20,'http://localhost:8888/tesi_face_traits/storage/app/public/photos/XvtWc3x0SqWqF3JZSJMT4poAxufuNZIlw15KwH2L.jpeg',NULL,'2019-11-07 17:03:15','2019-11-07 17:05:04'),(70,'name_soggetto90','surname_soggetto90',20,'http://localhost:8888/tesi_face_traits/storage/app/public/photos/I37zUwhkns2dHM9qYReTmXHB378Vabf2nzdn9Fq1.jpeg',NULL,'2019-11-07 17:03:50','2019-11-07 17:07:24'),(71,'name_soggetto91','surname_soggetto91',20,'http://localhost:8888/tesi_face_traits/storage/app/public/photos/AzMGrnumsOE3qj7p4JAI2jnVGICgp47y3riMV2Gg.jpeg',NULL,'2019-11-07 17:08:13','2019-11-07 17:08:29'),(72,'name_soggetto92','surname_soggetto92',20,'http://localhost:8888/tesi_face_traits/storage/app/public/photos/4BxWsTxzEfhCHLO894FeWyqPNZZtPL1DFWHdwryZ.jpeg',NULL,'2019-11-07 17:10:10','2019-11-07 17:13:40'),(73,'name_soggetto93','surname_soggetto93',20,'http://localhost:8888/tesi_face_traits/storage/app/public/photos/XyggbcOYaH0scT1uHpet83CwyiQCmTQwwLgUEEYh.jpeg',NULL,'2019-11-07 17:10:27','2019-11-07 17:14:39'),(74,'name_soggetto95','surname_soggetto95',20,'http://localhost:8888/tesi_face_traits/storage/app/public/photos/nBZstQwrhgqMZeK55iUrUaEPd6N3IVfxH1si0z2B.jpeg',NULL,'2019-11-07 17:10:47','2019-11-07 17:15:07'),(75,'name_soggetto97','surname_soggetto97',20,'http://localhost:8888/tesi_face_traits/storage/app/public/photos/dYQ4y8CMr43fPxsl6mJ2QE9JZcpJJ8Tc3C3muGwQ.jpeg',NULL,'2019-11-07 17:12:17','2019-11-07 17:15:42'),(76,'name_soggetto98','surname_soggetto98',20,'http://localhost:8888/tesi_face_traits/storage/app/public/photos/vPPdhy8PyHNEcGwweQpF2ROo27CvcDUsfdecV07r.jpeg',NULL,'2019-11-07 17:12:38','2019-11-07 17:16:30'),(77,'name_soggetto99','surname_soggetto99',20,'http://localhost:8888/tesi_face_traits/storage/app/public/photos/zXSJYxyA2XhZHTFp5dy6DmsG5gHT8Udvtgcvwzxm.jpeg',NULL,'2019-11-07 17:12:38','2019-11-07 17:17:46');
/*!40000 ALTER TABLE `subject` ENABLE KEYS */;
UNLOCK TABLES;
DROP TABLE IF EXISTS `users`;
/*!40101 SET @saved_cs_client     = @@character_set_client */;
/*!40101 SET character_set_client = utf8 */;
CREATE TABLE `users` (
  `id` int(10) unsigned NOT NULL AUTO_INCREMENT,
  `name` varchar(191) COLLATE utf8mb4_unicode_ci NOT NULL,
  `email` varchar(191) COLLATE utf8mb4_unicode_ci NOT NULL,
  `email_verified_at` timestamp NULL DEFAULT NULL,
  `password` varchar(191) COLLATE utf8mb4_unicode_ci NOT NULL,
  `remember_token` varchar(100) COLLATE utf8mb4_unicode_ci DEFAULT NULL,
  `created_at` timestamp NULL DEFAULT NULL,
  `updated_at` timestamp NULL DEFAULT NULL,
  PRIMARY KEY (`id`),
  UNIQUE KEY `users_email_unique` (`email`)
) ENGINE=InnoDB AUTO_INCREMENT=22 DEFAULT CHARSET=utf8mb4 COLLATE=utf8mb4_unicode_ci;
/*!40101 SET character_set_client = @saved_cs_client */;

LOCK TABLES `users` WRITE;
/*!40000 ALTER TABLE `users` DISABLE KEYS */;
INSERT INTO `users` VALUES (21,'admin','admin@gmail.com',NULL,'$2y$10$WhUqiomEqI4/8tBSa3V9ouxLWxtzBHmfo8v2oXA1aB7EquvPd2z0W',NULL,'2019-11-07 12:26:35','2019-11-07 12:26:35');
/*!40000 ALTER TABLE `users` ENABLE KEYS */;
UNLOCK TABLES;
/*!40103 SET TIME_ZONE=@OLD_TIME_ZONE */;

/*!40101 SET SQL_MODE=@OLD_SQL_MODE */;
/*!40014 SET FOREIGN_KEY_CHECKS=@OLD_FOREIGN_KEY_CHECKS */;
/*!40014 SET UNIQUE_CHECKS=@OLD_UNIQUE_CHECKS */;
/*!40101 SET CHARACTER_SET_CLIENT=@OLD_CHARACTER_SET_CLIENT */;
/*!40101 SET CHARACTER_SET_RESULTS=@OLD_CHARACTER_SET_RESULTS */;
/*!40101 SET COLLATION_CONNECTION=@OLD_COLLATION_CONNECTION */;
/*!40111 SET SQL_NOTES=@OLD_SQL_NOTES */;

